method_label,classifier,accuracy_mean,accuracy_std,f1_mean,f1_std,precision_mean,precision_std,recall_mean,recall_std,auc_mean,auc_std,reduction_rate_mean,reduction_rate_std,runtime_selection_mean,runtime_selection_std,runtime_training_mean,runtime_training_std
ANOVA (K=10),catboost,0.8384615384615385,0.1239187290668514,0.7444444444444445,0.19876159799998133,0.8133333333333332,0.18499249234015477,0.73,0.27748873851023215,0.91625,0.06783481775607567,0.9949999999999999,0.0,0.03864070660056314,0.045631539462386475,0.3968820913993113,0.22232889544148587
ANOVA (K=10),knn,0.885897435897436,0.0725804095113752,0.821111111111111,0.12840426130385102,0.8699999999999999,0.12041594578792295,0.8099999999999999,0.2073644135332772,0.881875,0.110007102043459,0.9949999999999999,0.0,0.03864070660056314,0.045631539462386475,0.0427894988009939,0.01371441163355286
ANOVA (K=10),opf,0.7871794871794873,0.12540204902134103,0.6085714285714285,0.22981802916788804,0.8333333333333334,0.23570226039551584,0.53,0.28195744359743363,0.9012499999999999,0.06649718039135197,0.9949999999999999,0.0,0.03864070660056314,0.045631539462386475,0.08737737560004462,0.14283054902359474
ANOVA (K=10),rf,0.8384615384615385,0.1239187290668514,0.7444444444444445,0.19876159799998133,0.8133333333333332,0.18499249234015477,0.73,0.27748873851023215,0.900625,0.07882189178775147,0.9949999999999999,0.0,0.03864070660056314,0.045631539462386475,0.784531998798775,0.06276070751250153
ANOVA (K=10),svm,0.8692307692307691,0.09405836312576758,0.8044444444444444,0.14435894905699304,0.8400000000000001,0.1673320053068151,0.8099999999999999,0.2073644135332772,0.9225,0.07161638255315608,0.9949999999999999,0.0,0.03864070660056314,0.045631539462386475,0.24450485939960345,0.4209078020394438
ANOVA (K=10),xgboost,0.8205128205128205,0.13484412799976042,0.6911111111111111,0.25317733988668645,0.8099999999999999,0.2073644135332772,0.67,0.32710854467592254,0.8456250000000001,0.12150585119655756,0.9949999999999999,0.0,0.03864070660056314,0.045631539462386475,0.3681990461991518,0.18143918816199278
ANOVA (K=100),catboost,0.8538461538461538,0.070716489079598,0.7862626262626262,0.11663408526641811,0.8066666666666666,0.1422048600513436,0.8099999999999999,0.2073644135332772,0.8775000000000001,0.07188858567255307,0.95,0.0,0.005406483200931689,0.001338329683101668,1.9530542533997504,0.15086068143616388
ANOVA (K=100),knn,0.8717948717948717,0.041295188226683044,0.8192063492063492,0.05436478971073335,0.8300000000000001,0.09746794344808964,0.82,0.10368220676663858,0.86625,0.0749478985696063,0.95,0.0,0.005406483200931689,0.001338329683101668,0.187807546199474,0.021737027960359895
ANOVA (K=100),opf,0.7935897435897437,0.1270298696024016,0.6666666666666666,0.2332847374079217,0.77,0.22803508501982758,0.61,0.23822258499143187,0.8724999999999999,0.09443499748504261,0.95,0.0,0.005406483200931689,0.001338329683101668,0.027412475199525943,0.022756133253864747
ANOVA (K=100),rf,0.8538461538461538,0.070716489079598,0.7862626262626262,0.11663408526641811,0.8066666666666666,0.1422048600513436,0.8099999999999999,0.2073644135332772,0.880625,0.09541234524420834,0.95,0.0,0.005406483200931689,0.001338329683101668,0.8306795063996105,0.34950537632935236
ANOVA (K=100),svm,0.8551282051282051,0.08749471666213325,0.7976911976911977,0.12103333203262759,0.7966666666666666,0.14452988925785867,0.82,0.17535677916750184,0.8825,0.08551315688243537,0.95,0.0,0.005406483200931689,0.001338329683101668,0.06116479380070814,0.016463560715351558
ANOVA (K=100),xgboost,0.7730769230769231,0.04169131420899768,0.64,0.1460593486680443,0.75,0.16583123951777,0.63,0.2252776065213762,0.836875,0.08839939550132685,0.95,0.0,0.005406483200931689,0.001338329683101668,0.32201714740003806,0.052711230904249944
ANOVA (K=20),catboost,0.8551282051282051,0.11427529420891978,0.7611111111111111,0.19404721329525534,0.8433333333333334,0.1507389207279335,0.73,0.27748873851023215,0.8925000000000001,0.08985665668162819,0.99,0.0,0.004589851599303074,0.0013313705330373804,0.5309506066012546,0.0413186717101106
ANOVA (K=20),knn,0.8384615384615385,0.0070220840705790275,0.7433333333333334,0.04801620096962649,0.86,0.12942179105544785,0.6799999999999999,0.12549900398011135,0.8825,0.08678840108274842,0.99,0.0,0.004589851599303074,0.0013313705330373804,0.2403337379997538,0.057704099513139206
ANOVA (K=20),opf,0.7884615384615385,0.0959399329942037,0.6587301587301587,0.14655702629063,0.7833333333333333,0.2173067468400883,0.58,0.13038404810405296,0.9175000000000001,0.1029259442511945,0.99,0.0,0.004589851599303074,0.0013313705330373804,0.030720808799378573,0.01064171559772367
ANOVA (K=20),rf,0.8384615384615385,0.1239187290668514,0.7444444444444445,0.19876159799998133,0.8133333333333332,0.18499249234015477,0.73,0.27748873851023215,0.9112500000000001,0.09746794344808962,0.99,0.0,0.004589851599303074,0.0013313705330373804,0.6390657489995647,0.08700526288185469
ANOVA (K=20),svm,0.8538461538461538,0.070716489079598,0.7862626262626262,0.11663408526641811,0.8066666666666666,0.1422048600513436,0.8099999999999999,0.2073644135332772,0.8800000000000001,0.0969656833627237,0.99,0.0,0.004589851599303074,0.0013313705330373804,0.06895874260007986,0.04850723539852713
ANOVA (K=20),xgboost,0.8205128205128205,0.1107509778408397,0.7155555555555555,0.21221931353445903,0.82,0.20493901531919195,0.72,0.27973201461398733,0.8625,0.12616643273866468,0.99,0.0,0.004589851599303074,0.0013313705330373804,0.30789534499926957,0.0574790211131729
ANOVA (K=50),catboost,0.885897435897436,0.09348870555880613,0.8425396825396826,0.12236849626767007,0.8400000000000001,0.1673320053068151,0.86,0.12942179105544785,0.8925000000000001,0.08424758898627303,0.975,0.0,0.005681638400710653,0.001748342967491845,1.105316021800536,0.2028861856576489
ANOVA (K=50),knn,0.885897435897436,0.09348870555880613,0.8425396825396826,0.12236849626767007,0.8400000000000001,0.1673320053068151,0.86,0.12942179105544785,0.89125,0.09845981889837092,0.975,0.0,0.005681638400710653,0.001748342967491845,0.2019579909996537,0.023308489973353094
ANOVA (K=50),opf,0.8243589743589743,0.10060222998771443,0.7361904761904762,0.15325641371463447,0.8133333333333332,0.18499249234015483,0.6900000000000001,0.16355427233796127,0.8574999999999999,0.07267220926874318,0.975,0.0,0.005681638400710653,0.001748342967491845,0.02043206920061493,0.006300310551748454
ANOVA (K=50),rf,0.8551282051282051,0.11427529420891978,0.7611111111111111,0.19404721329525534,0.8433333333333334,0.1507389207279335,0.73,0.27748873851023215,0.8699999999999999,0.11620630899396127,0.975,0.0,0.005681638400710653,0.001748342967491845,0.5810491841999464,0.03818408703991058
ANOVA (K=50),svm,0.8705128205128204,0.07439764688438025,0.8243578643578644,0.09731214869432847,0.8066666666666666,0.1422048600513436,0.86,0.12942179105544785,0.87375,0.09061422349719715,0.975,0.0,0.005681638400710653,0.001748342967491845,0.06403929900043295,0.018164986062111595
ANOVA (K=50),xgboost,0.7717948717948718,0.07592839805044123,0.6433333333333333,0.1561694236682997,0.78,0.2280350850198276,0.63,0.2252776065213762,0.85125,0.09945162140458044,0.975,0.0,0.005681638400710653,0.001748342967491845,0.3730688692012336,0.10305833948167199
Lasso,catboost,0.8525641025641025,0.09088106973562711,0.7866666666666667,0.13662601021279466,0.8133333333333332,0.18499249234015477,0.8099999999999999,0.2073644135332772,0.89125,0.07363338237511569,0.8512000000000001,0.17028747751963436,0.7809542553994107,0.17440757768890613,4.715635585799464,4.690717358966857
Lasso,knn,0.8705128205128204,0.07439764688438025,0.8203174603174602,0.09324907113112621,0.8400000000000001,0.1673320053068151,0.82,0.10368220676663858,0.875625,0.08895003864529796,0.8512000000000001,0.17028747751963436,0.7809542553994107,0.17440757768890613,0.16967721540058847,0.053868213497093725
Lasso,opf,0.823076923076923,0.06640109826963363,0.7480952380952381,0.08344210588194433,0.8033333333333333,0.18723128893311491,0.74,0.16355427233796124,0.9237500000000001,0.07240295228787288,0.8512000000000001,0.17028747751963436,0.7809542553994107,0.17440757768890613,0.03873740900089615,0.03415111778008833
Lasso,rf,0.8538461538461538,0.070716489079598,0.7822222222222222,0.11155467020454342,0.8400000000000001,0.1673320053068151,0.77,0.17888543819998318,0.91875,0.06643841132959157,0.8512000000000001,0.17028747751963436,0.7809542553994107,0.17440757768890613,0.7590079882000282,0.08641227221985222
Lasso,svm,0.8384615384615385,0.05934249646683649,0.7711111111111111,0.08140358229142342,0.79,0.14317821063276354,0.78,0.14404860290887936,0.8862500000000001,0.09503288904374103,0.8512000000000001,0.17028747751963436,0.7809542553994107,0.17440757768890613,0.06068312899878947,0.025724835260590797
Lasso,xgboost,0.7897435897435898,0.04653510618687573,0.6476190476190476,0.16876233473018432,0.8133333333333332,0.18499249234015477,0.64,0.30700162866017505,0.845,0.10101051925418462,0.8512000000000001,0.17028747751963436,0.7809542553994107,0.17440757768890613,0.4213407803988957,0.20375626085851214
None,catboost,0.8705128205128204,0.045417922010047025,0.7988888888888889,0.09496588081262931,0.8699999999999999,0.12041594578792295,0.77,0.17888543819998318,0.9125,0.0727527920426426,0.0,0.0,0.0001578378003614489,0.00022008436911285825,33.32757362439952,6.245338990302724
None,knn,0.7448717948717949,0.1254839415717144,0.5436507936507937,0.2445230238572047,0.75,0.25,0.47000000000000003,0.2659887215654077,0.8300000000000001,0.0568372127219483,0.0,0.0,0.0001578378003614489,0.00022008436911285825,0.2746905170002719,0.40476458013476413
None,opf,0.7410256410256411,0.07275005620056982,0.6119047619047618,0.09729912734144072,0.75,0.25,0.61,0.260768096208106,0.83375,0.1287408977365002,0.0,0.0,0.0001578378003614489,0.00022008436911285825,0.1204064039993682,0.08225669504997235
None,rf,0.8243589743589744,0.06074542431016474,0.7277777777777777,0.09702360664762766,0.8099999999999999,0.108397416943394,0.6900000000000001,0.19493588689617924,0.8925000000000001,0.05199158585771353,0.0,0.0,0.0001578378003614489,0.00022008436911285825,12.825984756799153,26.684844576668667
None,svm,0.8705128205128204,0.045417922010047025,0.8195959595959597,0.07563407441713986,0.7866666666666667,0.03613247231446465,0.86,0.12942179105544785,0.8949999999999999,0.03518922065064813,0.0,0.0,0.0001578378003614489,0.00022008436911285825,0.2013103448007314,0.2214921355966647
None,xgboost,0.7576923076923077,0.010533126105868635,0.6133333333333333,0.11925695879998875,0.74,0.16355427233796127,0.5900000000000001,0.20432816741702547,0.8474999999999999,0.09464159365733443,0.0,0.0,0.0001578378003614489,0.00022008436911285825,2.9387971412004843,0.5686484806151569
QUBO-SA (K=10),catboost,0.7884615384615385,0.12908352926668118,0.690952380952381,0.1800062287212108,0.7333333333333334,0.22110831935702666,0.6799999999999999,0.21679483388678802,0.8400000000000001,0.1832113704167948,0.9949999999999999,0.0,9.347480723200714,2.7377222795073073,0.2422772943995369,0.06349745413879998
QUBO-SA (K=10),knn,0.7282051282051282,0.09988487785016646,0.5171428571428571,0.21794754824693047,0.6666666666666666,0.2041241452319315,0.47000000000000003,0.31937438845342625,0.820625,0.06349212549600146,0.9949999999999999,0.0,9.347480723200714,2.7377222795073073,0.0389113092001935,0.008783755512232193
QUBO-SA (K=10),opf,0.6256410256410256,0.16872496283448313,0.46761904761904755,0.12788174809799338,0.5700000000000001,0.2729468812791236,0.45,0.1322875655532295,0.6,0.26512821190888003,0.9949999999999999,0.0,9.347480723200714,2.7377222795073073,0.05050669759948505,0.04471323800512329
QUBO-SA (K=10),rf,0.7871794871794873,0.17504812900676928,0.6838816738816739,0.2770963869625316,0.67,0.24335616331258642,0.71,0.3286335345030997,0.8462500000000001,0.19919760917239943,0.9949999999999999,0.0,9.347480723200714,2.7377222795073073,0.9262526195998362,0.12900174107744874
QUBO-SA (K=10),svm,0.7756410256410257,0.10256410256410256,0.5811111111111111,0.34227813396075174,0.58,0.3327912258458747,0.5900000000000001,0.3681032463861192,0.7175,0.25607463511640505,0.9949999999999999,0.0,9.347480723200714,2.7377222795073073,0.048250342599931176,0.009205202156988461
QUBO-SA (K=10),xgboost,0.7384615384615385,0.16282556018827204,0.5818181818181818,0.3417665982999196,0.6166666666666667,0.3890872509976251,0.62,0.41472882706655445,0.8550000000000001,0.17015617825985632,0.9949999999999999,0.0,9.347480723200714,2.7377222795073073,0.25762510599961386,0.02746423589522808
QUBO-SA (K=100),catboost,0.7743589743589744,0.11407735244370558,0.5792063492063492,0.24667121198647662,0.7833333333333333,0.2173067468400883,0.5,0.2761340254296815,0.8125,0.1326561579799445,0.9515,0.0,7.125182744399353,0.17980342702645702,1.9790391570000794,0.3206339677830788
QUBO-SA (K=100),knn,0.6474358974358975,0.14117125349708487,0.43317460317460316,0.27765099147358274,0.46333333333333326,0.2930680618711102,0.41,0.2701851217221259,0.624375,0.25117302925473506,0.9515,0.0,7.125182744399353,0.17980342702645702,0.1765252800003509,0.038046778165839394
QUBO-SA (K=100),opf,0.5782051282051281,0.11665962221617768,0.4533333333333333,0.14085278191373965,0.43499999999999994,0.15370426148939398,0.5,0.1903943276465977,0.6012500000000001,0.13509256086106294,0.9515,0.0,7.125182744399353,0.17980342702645702,0.02109114920021966,0.006443526171821299
QUBO-SA (K=100),rf,0.7602564102564103,0.08923850541176848,0.5514285714285714,0.20784364217323736,0.8,0.2091650066335189,0.47000000000000003,0.2659887215654077,0.779375,0.08619563504029655,0.9515,0.0,7.125182744399353,0.17980342702645702,0.8336525783997786,0.048687497704219845
QUBO-SA (K=100),svm,0.7897435897435898,0.12258515536386068,0.6222222222222221,0.3651483716701107,0.5942857142857143,0.3743838475497072,0.67,0.38665229858362404,0.8150000000000001,0.09287087810503353,0.9515,0.0,7.125182744399353,0.17980342702645702,0.04514897979970556,0.006696918460801096
QUBO-SA (K=100),xgboost,0.7923076923076924,0.08583522431420763,0.6444444444444445,0.17497795275581798,0.8300000000000001,0.17175564037317667,0.5900000000000001,0.27018512172212594,0.8012499999999999,0.1139147159062428,0.9515,0.0,7.125182744399353,0.17980342702645702,0.28173483060018045,0.014376188134435875
QUBO-SA (K=20),catboost,0.7282051282051282,0.14280635661555593,0.5571428571428572,0.23004923503828076,0.6733333333333333,0.2385139175999776,0.52,0.2949576240750525,0.835,0.1267533283586668,0.9903000000000001,0.0002738612787526475,6.837493050000194,0.20502055724111434,0.4735885108006187,0.18182564646726965
QUBO-SA (K=20),knn,0.7756410256410257,0.10256410256410255,0.6311111111111111,0.19913392726417645,0.73,0.19235384061671346,0.5900000000000001,0.27018512172212594,0.7837500000000001,0.19197015148845403,0.9903000000000001,0.0002738612787526475,6.837493050000194,0.20502055724111434,0.22281531500048005,0.03585254647156525
QUBO-SA (K=20),opf,0.7256410256410256,0.15083865922795034,0.588095238095238,0.22737783592977753,0.6533333333333333,0.27167177909299955,0.55,0.22079402165819617,0.66625,0.24687895566451185,0.9903000000000001,0.0002738612787526475,6.837493050000194,0.20502055724111434,0.027924490599252748,0.017057159719715064
QUBO-SA (K=20),rf,0.7423076923076923,0.14372418157073924,0.5220634920634921,0.27979336758799933,0.7266666666666667,0.3003701420285016,0.45999999999999996,0.34168699126539775,0.82,0.16923541296076303,0.9903000000000001,0.0002738612787526475,6.837493050000194,0.20502055724111434,0.8107966695999493,0.054326636534464505
QUBO-SA (K=20),svm,0.7615384615384615,0.11779881778997325,0.5644444444444444,0.3339254001113215,0.6,0.37416573867739417,0.5700000000000001,0.370135110466435,0.8949999999999999,0.10062305898749051,0.9903000000000001,0.0002738612787526475,6.837493050000194,0.20502055724111434,0.06365447120042518,0.037308734156324144
QUBO-SA (K=20),xgboost,0.7269230769230769,0.13358888232410981,0.518095238095238,0.23114076209583279,0.74,0.2792848008753788,0.47000000000000003,0.31937438845342625,0.74,0.20979901096049047,0.9903000000000001,0.0002738612787526475,6.837493050000194,0.20502055724111434,0.33084601639930045,0.16828232759574713
QUBO-SA (K=50),catboost,0.7884615384615385,0.0959399329942037,0.6420634920634921,0.20825584348749213,0.7333333333333333,0.18066236157232332,0.58,0.21965882636488795,0.8225,0.10208758494547705,0.9756,0.00022360679774996675,7.099970656599908,0.13605844549204005,1.2432079858001088,0.1848286061593863
QUBO-SA (K=50),knn,0.5948717948717949,0.10835040071897832,0.3088888888888889,0.2874322249689782,0.3,0.282842712474619,0.32,0.2949576240750525,0.6625,0.14772030687248114,0.9756,0.00022360679774996675,7.099970656599908,0.13605844549204005,0.18287511500020628,0.016875400952305185
QUBO-SA (K=50),opf,0.6602564102564102,0.04487179487179486,0.5488888888888889,0.07269078770576055,0.5333333333333333,0.10274023338281629,0.6,0.1541103500742244,0.6825,0.0836660026534076,0.9756,0.00022360679774996675,7.099970656599908,0.13605844549204005,0.03399982880073367,0.027303582235752893
QUBO-SA (K=50),rf,0.7564102564102564,0.1050382667190637,0.5476190476190477,0.3148578846532903,0.6333333333333333,0.375462677535627,0.49000000000000005,0.28809720581775866,0.8168749999999999,0.12061852314217748,0.9756,0.00022360679774996675,7.099970656599908,0.13605844549204005,0.7990728463992127,0.04384377181817561
QUBO-SA (K=50),svm,0.7551282051282051,0.08978936561483658,0.52,0.3476907949441413,0.54,0.3286335345030997,0.52,0.3718198488515642,0.76125,0.12409044080830718,0.9756,0.00022360679774996675,7.099970656599908,0.13605844549204005,0.04114320720036631,0.0014095466815378357
QUBO-SA (K=50),xgboost,0.7730769230769231,0.10548719195243189,0.6087301587301587,0.21650816924997962,0.7166666666666666,0.18257418583505536,0.54,0.23291629397704236,0.77,0.18995270793015825,0.9756,0.00022360679774996675,7.099970656599908,0.13605844549204005,0.267018989999633,0.034413647396585166
QUBO-SB (K=10),catboost,0.7448717948717949,0.12132161765836545,0.4876190476190477,0.30907660000589143,0.7333333333333333,0.4346134936801766,0.43,0.37013511046643494,0.805,0.20546251178743044,0.9967,0.0023345235059857713,10.327291166198847,3.180063944907206,0.18323534179944545,0.0770968109036452
QUBO-SB (K=10),knn,0.7794871794871795,0.1536189561705766,0.6603174603174603,0.2146088099194358,0.76,0.25099800796022265,0.61,0.260768096208106,0.7725,0.15338625671812978,0.9967,0.0023345235059857713,10.327291166198847,3.180063944907206,0.036385034200066,0.004576024080725593
QUBO-SB (K=10),opf,0.6653846153846155,0.16370645302290693,0.44848484848484843,0.2797086244658018,0.5666666666666667,0.4346134936801766,0.4,0.2345207879911715,0.68,0.255998352045477,0.9967,0.0023345235059857713,10.327291166198847,3.180063944907206,0.02297110600047745,0.00785726617857825
QUBO-SB (K=10),rf,0.6820512820512821,0.14593719885349474,0.5406060606060606,0.15956782772134812,0.680952380952381,0.30379310300450635,0.55,0.282842712474619,0.72375,0.2139381481877414,0.9967,0.0023345235059857713,10.327291166198847,3.180063944907206,0.8758146941996529,0.12242191819247653
QUBO-SB (K=10),svm,0.7461538461538462,0.1570578229930417,0.3492063492063492,0.47830219597839246,0.36,0.4979959839195493,0.35,0.4873397172404482,0.5925,0.2701055927780837,0.9967,0.0023345235059857713,10.327291166198847,3.180063944907206,0.04342645900032949,0.0018848758142442244
QUBO-SB (K=10),xgboost,0.6307692307692307,0.1396053185606272,0.40606060606060607,0.2608877969700713,0.5066666666666666,0.3699849846803095,0.4,0.2936835031117683,0.67375,0.23627976003035045,0.9967,0.0023345235059857713,10.327291166198847,3.180063944907206,0.23061013640035527,0.0062941062292959675
QUBO-SB (K=100),catboost,0.7397435897435898,0.17447205985850256,0.46428571428571425,0.402479559628023,0.5166666666666666,0.38369548110737794,0.44000000000000006,0.41743262929483604,0.7787499999999999,0.19968725547715857,0.9632,0.031911204928676724,8.785504866199336,0.27581035109850666,1.3328688320005313,0.9909716603762584
QUBO-SB (K=100),knn,0.6897435897435897,0.14295015521871451,0.44571428571428573,0.30878299625385824,0.5599999999999999,0.39609202073367866,0.39,0.29664793948382656,0.751875,0.17899458790700906,0.9632,0.031911204928676724,8.785504866199336,0.27581035109850666,0.12423863419971895,0.06482062921187931
QUBO-SB (K=100),opf,0.5615384615384615,0.1554801052108301,0.2976190476190476,0.31248582734301633,0.36666666666666664,0.4149966532662911,0.32,0.4147288270665544,0.6275000000000001,0.30238634228417133,0.9632,0.031911204928676724,8.785504866199336,0.27581035109850666,0.02176287479887833,0.006939999111824228
QUBO-SB (K=100),rf,0.7551282051282051,0.16383190821261423,0.55,0.37080992435478316,0.5833333333333333,0.3726779962499649,0.53,0.3768288736283354,0.7943749999999999,0.16808898313095955,0.9632,0.031911204928676724,8.785504866199336,0.27581035109850666,0.835957102199609,0.05643420180959396
QUBO-SB (K=100),svm,0.7884615384615385,0.12707838206153216,0.601010101010101,0.37185576028686795,0.5933333333333334,0.3788872596902086,0.62,0.3898717737923586,0.78125,0.17710784144130942,0.9632,0.031911204928676724,8.785504866199336,0.27581035109850666,0.04750356179938535,0.005654366170300533
QUBO-SB (K=100),xgboost,0.7410256410256411,0.17866110268353688,0.45,0.4472135954999579,0.45,0.4472135954999579,0.45,0.4472135954999579,0.7975,0.17469840082267496,0.9632,0.031911204928676724,8.785504866199336,0.27581035109850666,0.2810554905983736,0.029867358137987944
QUBO-SB (K=20),catboost,0.8871794871794872,0.08842901669004302,0.8325396825396826,0.12859837068292446,0.86,0.12942179105544785,0.82,0.17535677916750184,0.89125,0.0965822188604093,0.99,0.0,9.101969266599918,0.3579494240571269,0.6594773231998261,0.16123817749940084
QUBO-SB (K=20),knn,0.8871794871794872,0.043618014964625626,0.836984126984127,0.060680818662822295,0.8699999999999999,0.12041594578792295,0.82,0.10368220676663858,0.875,0.08841596469246944,0.99,0.0,9.101969266599918,0.3579494240571269,0.15751661060130573,0.03367864901751939
QUBO-SB (K=20),opf,0.8397435897435898,0.052470210076105424,0.7457142857142858,0.10697606064452181,0.86,0.12942179105544785,0.6900000000000001,0.16355427233796127,0.9175000000000001,0.06455980754308366,0.99,0.0,9.101969266599918,0.3579494240571269,0.0305856938008219,0.013680585429811268
QUBO-SB (K=20),rf,0.8551282051282051,0.064676914131433,0.7722222222222221,0.11180339887498945,0.86,0.12942179105544785,0.73,0.19235384061671346,0.878125,0.09642030387838445,0.99,0.0,9.101969266599918,0.3579494240571269,0.8023790311992343,0.03525938956684978
QUBO-SB (K=20),svm,0.8551282051282051,0.06853280646617482,0.8025396825396826,0.08501774598740569,0.8,0.1414213562373095,0.82,0.10368220676663858,0.905,0.049882674848087255,0.99,0.0,9.101969266599918,0.3579494240571269,0.04510487360021216,0.010705797359113105
QUBO-SB (K=20),xgboost,0.7897435897435898,0.04653510618687573,0.6476190476190476,0.16876233473018432,0.8133333333333332,0.18499249234015477,0.64,0.30700162866017505,0.8525,0.08059834830813845,0.99,0.0,9.101969266599918,0.3579494240571269,0.2608643478000886,0.0529141528290275
QUBO-SB (K=50),catboost,0.7730769230769231,0.11024895621791636,0.5314285714285714,0.35991936612716285,0.61,0.3847076812334269,0.48,0.343874977280988,0.78,0.13297967419872858,0.9798,0.01197184196354095,8.828988152599777,0.14268937585668878,0.9364943309999945,0.47285572728311226
QUBO-SB (K=50),knn,0.7564102564102564,0.13408013245738387,0.5657720057720057,0.353786852853123,0.5733333333333334,0.38758511609996354,0.5700000000000001,0.3420526275297414,0.776875,0.15869339542022534,0.9798,0.01197184196354095,8.828988152599777,0.14268937585668878,0.1475361974000407,0.07095160294783495
QUBO-SB (K=50),opf,0.6935897435897436,0.15795787519242502,0.5448051948051947,0.21632247312710703,0.65,0.33541019662496846,0.5,0.1903943276465977,0.67375,0.15596223501219772,0.9798,0.01197184196354095,8.828988152599777,0.14268937585668878,0.017194844999175986,0.0006401847134780527
QUBO-SB (K=50),rf,0.8051282051282052,0.0505963775914644,0.6033333333333333,0.19163043135739746,0.96,0.08944271909999157,0.48,0.23611437906235186,0.82125,0.10982941318244403,0.9798,0.01197184196354095,8.828988152599777,0.14268937585668878,0.9269087218002824,0.13619857622289527
QUBO-SB (K=50),svm,0.7102564102564102,0.08863787701253134,0.36666666666666664,0.3415650255319866,0.45,0.4472135954999579,0.32,0.2949576240750525,0.595,0.4285103193039813,0.9798,0.01197184196354095,8.828988152599777,0.14268937585668878,0.04174405360026867,0.0015233647904459224
QUBO-SB (K=50),xgboost,0.7717948717948718,0.11273671130093642,0.5971428571428572,0.23650300942987548,0.7766666666666666,0.2727432655243551,0.53,0.2659887215654077,0.8125,0.11989578808281796,0.9798,0.01197184196354095,8.828988152599777,0.14268937585668878,0.28516665939969243,0.038735187020482974
RFECV,catboost,0.8551282051282051,0.034993189907579936,0.7811111111111111,0.08123278545081884,0.8300000000000001,0.09746794344808964,0.77,0.17888543819998318,0.88125,0.06187184335382292,0.44000000000000006,0.403732584763727,11.366529983999499,4.957561679872452,16.846288446799736,10.95706092140427
RFECV,knn,0.7935897435897437,0.1270298696024016,0.6666666666666666,0.19569568263393575,0.7933333333333333,0.21653842358548953,0.61,0.260768096208106,0.8643750000000001,0.06642371093969382,0.44000000000000006,0.403732584763727,11.366529983999499,4.957561679872452,0.09623825239978032,0.03609292724962306
RFECV,opf,0.7743589743589744,0.06820223629882251,0.6385714285714286,0.12912578901116195,0.7833333333333333,0.21730674684008833,0.61,0.260768096208106,0.87375,0.138166000702054,0.44000000000000006,0.403732584763727,11.366529983999499,4.957561679872452,0.054503694799495864,0.03048473962932967
RFECV,rf,0.8705128205128204,0.08933055134176839,0.7944444444444445,0.14646029251626738,0.86,0.12942179105544785,0.77,0.2280350850198276,0.9175000000000001,0.08177713616898062,0.44000000000000006,0.403732584763727,11.366529983999499,4.957561679872452,0.8955571903992677,0.08317350207359593
RFECV,svm,0.8551282051282051,0.034993189907579936,0.7977777777777778,0.05673742858527458,0.78,0.027386127875258317,0.82,0.10368220676663858,0.905,0.06287388169979644,0.44000000000000006,0.403732584763727,11.366529983999499,4.957561679872452,0.07812569740053732,0.02428040682166429
RFECV,xgboost,0.7589743589743589,0.05059637759146438,0.5876190476190477,0.1536996511591354,0.75,0.14433756729740646,0.55,0.282842712474619,0.8487500000000001,0.06271836852151048,0.44000000000000006,0.403732584763727,11.366529983999499,4.957561679872452,1.3543340703996365,1.1146593832245357
