Dataset,Classifier,Method,Metric,N_Folds,Mean,Std
colon,CATBOOST,ANOVA (K=5),ACCURACY,10,0.8547619047619047,0.11580232677441918
colon,CATBOOST,ANOVA (K=5),PRECISION,10,0.8166666666666667,0.19953649995631081
colon,CATBOOST,ANOVA (K=5),RECALL,10,0.8333333333333333,0.2721655269759087
colon,CATBOOST,ANOVA (K=5),F1,10,0.7866666666666666,0.18737959096740261
colon,CATBOOST,ANOVA (K=5),AUC,10,0.925,0.12076147288491199
colon,CATBOOST,ANOVA (K=10),ACCURACY,10,0.8523809523809524,0.12284934965644032
colon,CATBOOST,ANOVA (K=10),PRECISION,10,0.75,0.3263150034575203
colon,CATBOOST,ANOVA (K=10),RECALL,10,0.7666666666666666,0.34426518632954817
colon,CATBOOST,ANOVA (K=10),F1,10,0.7366666666666666,0.3032539578685874
colon,CATBOOST,ANOVA (K=10),AUC,10,0.9,0.14191155304938669
colon,CATBOOST,ANOVA (K=15),ACCURACY,10,0.8523809523809522,0.12284934965644032
colon,CATBOOST,ANOVA (K=15),PRECISION,10,0.75,0.3263150034575203
colon,CATBOOST,ANOVA (K=15),RECALL,10,0.7666666666666666,0.34426518632954817
colon,CATBOOST,ANOVA (K=15),F1,10,0.7366666666666666,0.3032539578685874
colon,CATBOOST,ANOVA (K=15),AUC,10,0.8875,0.17129003992578723
colon,CATBOOST,ANOVA (K=20),ACCURACY,10,0.838095238095238,0.11156370406860686
colon,CATBOOST,ANOVA (K=20),PRECISION,10,0.75,0.3263150034575203
colon,CATBOOST,ANOVA (K=20),RECALL,10,0.7333333333333333,0.33518006953329677
colon,CATBOOST,ANOVA (K=20),F1,10,0.7166666666666667,0.2902744550580696
colon,CATBOOST,ANOVA (K=20),AUC,10,0.9291666666666666,0.08572944090006092
colon,CATBOOST,ANOVA (K=25),ACCURACY,10,0.838095238095238,0.11156370406860686
colon,CATBOOST,ANOVA (K=25),PRECISION,10,0.75,0.3263150034575203
colon,CATBOOST,ANOVA (K=25),RECALL,10,0.7333333333333333,0.33518006953329677
colon,CATBOOST,ANOVA (K=25),F1,10,0.7166666666666666,0.29027445505806954
colon,CATBOOST,ANOVA (K=25),AUC,10,0.9041666666666666,0.12887511899624496
colon,CATBOOST,ANOVA (K=50),ACCURACY,10,0.8857142857142858,0.11156370406860684
colon,CATBOOST,ANOVA (K=50),PRECISION,10,0.85,0.1995364999563108
colon,CATBOOST,ANOVA (K=50),RECALL,10,0.8666666666666666,0.21942686286812776
colon,CATBOOST,ANOVA (K=50),F1,10,0.8366666666666667,0.16810490551812954
colon,CATBOOST,ANOVA (K=50),AUC,10,0.9041666666666666,0.12887511899624496
colon,CATBOOST,ANOVA (K=100),ACCURACY,10,0.8523809523809522,0.12284934965644032
colon,CATBOOST,ANOVA (K=100),PRECISION,10,0.75,0.3263150034575203
colon,CATBOOST,ANOVA (K=100),RECALL,10,0.7666666666666666,0.34426518632954817
colon,CATBOOST,ANOVA (K=100),F1,10,0.7366666666666666,0.3032539578685874
colon,CATBOOST,ANOVA (K=100),AUC,10,0.9041666666666666,0.11461489464320976
colon,CATBOOST,Lasso (K=55),ACCURACY,1,0.8571428571428571,0.0
colon,CATBOOST,Lasso (K=55),PRECISION,1,1.0,0.0
colon,CATBOOST,Lasso (K=55),RECALL,1,0.6666666666666666,0.0
colon,CATBOOST,Lasso (K=55),F1,1,0.8,0.0
colon,CATBOOST,Lasso (K=55),AUC,1,1.0,0.0
colon,CATBOOST,Lasso (K=651),ACCURACY,1,0.8571428571428571,0.0
colon,CATBOOST,Lasso (K=651),PRECISION,1,1.0,0.0
colon,CATBOOST,Lasso (K=651),RECALL,1,0.6666666666666666,0.0
colon,CATBOOST,Lasso (K=651),F1,1,0.8,0.0
colon,CATBOOST,Lasso (K=651),AUC,1,0.8333333333333333,0.0
colon,CATBOOST,Lasso (K=57),ACCURACY,1,0.8333333333333334,0.0
colon,CATBOOST,Lasso (K=57),PRECISION,1,0.6666666666666666,0.0
colon,CATBOOST,Lasso (K=57),RECALL,1,1.0,0.0
colon,CATBOOST,Lasso (K=57),F1,1,0.8,0.0
colon,CATBOOST,Lasso (K=57),AUC,1,1.0,0.0
colon,CATBOOST,Lasso (K=47),ACCURACY,1,1.0,0.0
colon,CATBOOST,Lasso (K=47),PRECISION,1,1.0,0.0
colon,CATBOOST,Lasso (K=47),RECALL,1,1.0,0.0
colon,CATBOOST,Lasso (K=47),F1,1,1.0,0.0
colon,CATBOOST,Lasso (K=47),AUC,1,1.0,0.0
colon,CATBOOST,Lasso (K=51),ACCURACY,1,0.8333333333333334,0.0
colon,CATBOOST,Lasso (K=51),PRECISION,1,0.6666666666666666,0.0
colon,CATBOOST,Lasso (K=51),RECALL,1,1.0,0.0
colon,CATBOOST,Lasso (K=51),F1,1,0.8,0.0
colon,CATBOOST,Lasso (K=51),AUC,1,1.0,0.0
colon,CATBOOST,Lasso (K=46),ACCURACY,1,0.6666666666666666,0.0
colon,CATBOOST,Lasso (K=46),PRECISION,1,0.5,0.0
colon,CATBOOST,Lasso (K=46),RECALL,1,0.5,0.0
colon,CATBOOST,Lasso (K=46),F1,1,0.5,0.0
colon,CATBOOST,Lasso (K=46),AUC,1,0.5,0.0
colon,CATBOOST,Lasso (K=53),ACCURACY,1,1.0,0.0
colon,CATBOOST,Lasso (K=53),PRECISION,1,1.0,0.0
colon,CATBOOST,Lasso (K=53),RECALL,1,1.0,0.0
colon,CATBOOST,Lasso (K=53),F1,1,1.0,0.0
colon,CATBOOST,Lasso (K=53),AUC,1,1.0,0.0
colon,CATBOOST,Lasso (K=1760),ACCURACY,1,0.6666666666666666,0.0
colon,CATBOOST,Lasso (K=1760),PRECISION,1,0.0,0.0
colon,CATBOOST,Lasso (K=1760),RECALL,1,0.0,0.0
colon,CATBOOST,Lasso (K=1760),F1,1,0.0,0.0
colon,CATBOOST,Lasso (K=1760),AUC,1,1.0,0.0
colon,CATBOOST,Lasso (K=48),ACCURACY,1,0.8333333333333334,0.0
colon,CATBOOST,Lasso (K=48),PRECISION,1,0.6666666666666666,0.0
colon,CATBOOST,Lasso (K=48),RECALL,1,1.0,0.0
colon,CATBOOST,Lasso (K=48),F1,1,0.8,0.0
colon,CATBOOST,Lasso (K=48),AUC,1,0.875,0.0
colon,CATBOOST,Lasso (K=1934),ACCURACY,1,1.0,0.0
colon,CATBOOST,Lasso (K=1934),PRECISION,1,1.0,0.0
colon,CATBOOST,Lasso (K=1934),RECALL,1,1.0,0.0
colon,CATBOOST,Lasso (K=1934),F1,1,1.0,0.0
colon,CATBOOST,Lasso (K=1934),AUC,1,1.0,0.0
colon,CATBOOST,None,ACCURACY,10,0.869047619047619,0.13101249221602523
colon,CATBOOST,None,PRECISION,10,0.75,0.3263150034575203
colon,CATBOOST,None,RECALL,10,0.8166666666666667,0.3374742788552765
colon,CATBOOST,None,F1,10,0.77,0.3128720008068617
colon,CATBOOST,None,AUC,10,0.9291666666666666,0.10402768506152225
colon,CATBOOST,QUBO-SA (K=5),ACCURACY,10,0.6904761904761905,0.14890208761344223
colon,CATBOOST,QUBO-SA (K=5),PRECISION,10,0.5833333333333333,0.4664682117707407
colon,CATBOOST,QUBO-SA (K=5),RECALL,10,0.35,0.2539806544591658
colon,CATBOOST,QUBO-SA (K=5),F1,10,0.42000000000000004,0.3107934886586149
colon,CATBOOST,QUBO-SA (K=5),AUC,10,0.6125,0.2316157018281216
colon,CATBOOST,QUBO-SA (K=10),ACCURACY,10,0.7928571428571428,0.1878288247914163
colon,CATBOOST,QUBO-SA (K=10),PRECISION,10,0.8,0.32203059435976533
colon,CATBOOST,QUBO-SA (K=10),RECALL,10,0.65,0.3464992473225039
colon,CATBOOST,QUBO-SA (K=10),F1,10,0.6766666666666666,0.28460498941515416
colon,CATBOOST,QUBO-SA (K=10),AUC,10,0.8208333333333334,0.2187665337666991
colon,CATBOOST,QUBO-SA (K=15),ACCURACY,10,0.7738095238095237,0.11459943712852105
colon,CATBOOST,QUBO-SA (K=15),PRECISION,10,0.7333333333333333,0.23830678432808017
colon,CATBOOST,QUBO-SA (K=15),RECALL,10,0.6833333333333333,0.22838671990104964
colon,CATBOOST,QUBO-SA (K=15),F1,10,0.6766666666666666,0.15951314818673867
colon,CATBOOST,QUBO-SA (K=15),AUC,10,0.8083333333333333,0.22152668930418762
colon,CATBOOST,QUBO-SA (K=20),ACCURACY,10,0.7309523809523808,0.15874999876007564
colon,CATBOOST,QUBO-SA (K=20),PRECISION,10,0.5166666666666666,0.4190671592365802
colon,CATBOOST,QUBO-SA (K=20),RECALL,10,0.5,0.408248290463863
colon,CATBOOST,QUBO-SA (K=20),F1,10,0.4833333333333334,0.37159981129312536
colon,CATBOOST,QUBO-SA (K=20),AUC,10,0.9166666666666666,0.15590239111558088
colon,CATBOOST,QUBO-SA (K=25),ACCURACY,10,0.7880952380952381,0.11525711505116228
colon,CATBOOST,QUBO-SA (K=25),PRECISION,10,0.6166666666666667,0.45845957857283903
colon,CATBOOST,QUBO-SA (K=25),RECALL,10,0.4833333333333333,0.3804643037391985
colon,CATBOOST,QUBO-SA (K=25),F1,10,0.5233333333333333,0.3829869610648371
colon,CATBOOST,QUBO-SA (K=25),AUC,10,0.9041666666666666,0.09830743538436883
colon,CATBOOST,QUBO-SA (K=50),ACCURACY,10,0.7404761904761904,0.19584046962761742
colon,CATBOOST,QUBO-SA (K=50),PRECISION,10,0.6333333333333333,0.4567734398020992
colon,CATBOOST,QUBO-SA (K=50),RECALL,10,0.5,0.41573970964154905
colon,CATBOOST,QUBO-SA (K=50),F1,10,0.5233333333333333,0.38298696106483704
colon,CATBOOST,QUBO-SA (K=50),AUC,10,0.85,0.21081851067789195
colon,CATBOOST,QUBO-SA (K=100),ACCURACY,10,0.8095238095238095,0.14504497525791324
colon,CATBOOST,QUBO-SA (K=100),PRECISION,10,0.7666666666666666,0.34426518632954817
colon,CATBOOST,QUBO-SA (K=100),RECALL,10,0.6166666666666666,0.36046951550018524
colon,CATBOOST,QUBO-SA (K=100),F1,10,0.6466666666666667,0.3166959050829301
colon,CATBOOST,QUBO-SA (K=100),AUC,10,0.925,0.08958064164776165
colon,CATBOOST,QUBO-SB (K=5),ACCURACY,10,0.8380952380952381,0.11156370406860686
colon,CATBOOST,QUBO-SB (K=5),PRECISION,10,0.8083333333333333,0.2153449715923812
colon,CATBOOST,QUBO-SB (K=5),RECALL,10,0.8166666666666667,0.24152294576982397
colon,CATBOOST,QUBO-SB (K=5),F1,10,0.7757142857142856,0.1565959699609543
colon,CATBOOST,QUBO-SB (K=5),AUC,10,0.8875,0.13756311682682648
colon,CATBOOST,QUBO-SB (K=10),ACCURACY,10,0.7547619047619047,0.12194877677622866
colon,CATBOOST,QUBO-SB (K=10),PRECISION,10,0.6333333333333334,0.3220305943597653
colon,CATBOOST,QUBO-SB (K=10),RECALL,10,0.6333333333333333,0.31229931827900437
colon,CATBOOST,QUBO-SB (K=10),F1,10,0.6066666666666667,0.26331223544175336
colon,CATBOOST,QUBO-SB (K=10),AUC,10,0.825,0.20581815058714115
colon,CATBOOST,QUBO-SB (K=15),ACCURACY,10,0.8523809523809522,0.12284934965644032
colon,CATBOOST,QUBO-SB (K=15),PRECISION,10,0.75,0.3263150034575203
colon,CATBOOST,QUBO-SB (K=15),RECALL,10,0.7666666666666666,0.34426518632954817
colon,CATBOOST,QUBO-SB (K=15),F1,10,0.7366666666666666,0.3032539578685874
colon,CATBOOST,QUBO-SB (K=15),AUC,10,0.9125,0.10290907529357057
colon,CATBOOST,QUBO-SB (K=20),ACCURACY,10,0.7761904761904762,0.15560413883368215
colon,CATBOOST,QUBO-SB (K=20),PRECISION,10,0.7333333333333333,0.33518006953329677
colon,CATBOOST,QUBO-SB (K=20),RECALL,10,0.6666666666666666,0.376796110173626
colon,CATBOOST,QUBO-SB (K=20),F1,10,0.6433333333333333,0.294412996224146
colon,CATBOOST,QUBO-SB (K=20),AUC,10,0.8291666666666666,0.18987690944593746
colon,CATBOOST,QUBO-SB (K=25),ACCURACY,10,0.780952380952381,0.17051490796185126
colon,CATBOOST,QUBO-SB (K=25),PRECISION,10,0.6166666666666667,0.3689323936863109
colon,CATBOOST,QUBO-SB (K=25),RECALL,10,0.6833333333333333,0.4335469558917038
colon,CATBOOST,QUBO-SB (K=25),F1,10,0.62,0.3675746333890726
colon,CATBOOST,QUBO-SB (K=25),AUC,10,0.7791666666666666,0.21876653376669908
colon,CATBOOST,QUBO-SB (K=50),ACCURACY,10,0.7571428571428571,0.17951251139837376
colon,CATBOOST,QUBO-SB (K=50),PRECISION,10,0.6166666666666667,0.3689323936863109
colon,CATBOOST,QUBO-SB (K=50),RECALL,10,0.6333333333333333,0.39126259692575577
colon,CATBOOST,QUBO-SB (K=50),F1,10,0.6033333333333333,0.3429897597722737
colon,CATBOOST,QUBO-SB (K=50),AUC,10,0.8416666666666666,0.15811388300841897
colon,CATBOOST,QUBO-SB (K=100),ACCURACY,10,0.8214285714285715,0.16158153231351058
colon,CATBOOST,QUBO-SB (K=100),PRECISION,10,0.75,0.238953479640073
colon,CATBOOST,QUBO-SB (K=100),RECALL,10,0.8666666666666666,0.21942686286812776
colon,CATBOOST,QUBO-SB (K=100),F1,10,0.78,0.19129190414806527
colon,CATBOOST,QUBO-SB (K=100),AUC,10,0.8666666666666666,0.14272480642961255
colon,CATBOOST,RFECV (K=1600),ACCURACY,2,0.9285714285714286,0.10101525445522111
colon,CATBOOST,RFECV (K=1600),PRECISION,2,1.0,0.0
colon,CATBOOST,RFECV (K=1600),RECALL,2,0.8333333333333333,0.23570226039551587
colon,CATBOOST,RFECV (K=1600),F1,2,0.9,0.14142135623730948
colon,CATBOOST,RFECV (K=1600),AUC,2,1.0,0.0
colon,CATBOOST,RFECV (K=1800),ACCURACY,1,0.8571428571428571,0.0
colon,CATBOOST,RFECV (K=1800),PRECISION,1,1.0,0.0
colon,CATBOOST,RFECV (K=1800),RECALL,1,0.6666666666666666,0.0
colon,CATBOOST,RFECV (K=1800),F1,1,0.8,0.0
colon,CATBOOST,RFECV (K=1800),AUC,1,0.9166666666666666,0.0
colon,CATBOOST,RFECV (K=400),ACCURACY,1,0.8333333333333334,0.0
colon,CATBOOST,RFECV (K=400),PRECISION,1,0.6666666666666666,0.0
colon,CATBOOST,RFECV (K=400),RECALL,1,1.0,0.0
colon,CATBOOST,RFECV (K=400),F1,1,0.8,0.0
colon,CATBOOST,RFECV (K=400),AUC,1,0.875,0.0
colon,CATBOOST,RFECV (K=600),ACCURACY,1,0.8333333333333334,0.0
colon,CATBOOST,RFECV (K=600),PRECISION,1,1.0,0.0
colon,CATBOOST,RFECV (K=600),RECALL,1,0.5,0.0
colon,CATBOOST,RFECV (K=600),F1,1,0.6666666666666666,0.0
colon,CATBOOST,RFECV (K=600),AUC,1,1.0,0.0
colon,CATBOOST,RFECV (K=800),ACCURACY,1,0.8333333333333334,0.0
colon,CATBOOST,RFECV (K=800),PRECISION,1,0.6666666666666666,0.0
colon,CATBOOST,RFECV (K=800),RECALL,1,1.0,0.0
colon,CATBOOST,RFECV (K=800),F1,1,0.8,0.0
colon,CATBOOST,RFECV (K=800),AUC,1,0.875,0.0
colon,CATBOOST,RFECV (K=2000),ACCURACY,2,0.75,0.11785113019775798
colon,CATBOOST,RFECV (K=2000),PRECISION,2,0.5833333333333333,0.11785113019775789
colon,CATBOOST,RFECV (K=2000),RECALL,2,0.75,0.3535533905932738
colon,CATBOOST,RFECV (K=2000),F1,2,0.65,0.21213203435596428
colon,CATBOOST,RFECV (K=2000),AUC,2,0.875,0.1767766952966369
colon,CATBOOST,RFECV (K=1000),ACCURACY,2,0.8333333333333333,0.23570226039551587
colon,CATBOOST,RFECV (K=1000),PRECISION,2,0.5,0.7071067811865476
colon,CATBOOST,RFECV (K=1000),RECALL,2,0.5,0.7071067811865476
colon,CATBOOST,RFECV (K=1000),F1,2,0.5,0.7071067811865476
colon,CATBOOST,RFECV (K=1000),AUC,2,0.9375,0.08838834764831845
colon,KNN,ANOVA (K=5),ACCURACY,10,0.869047619047619,0.1048400382033564
colon,KNN,ANOVA (K=5),PRECISION,10,0.85,0.1995364999563108
colon,KNN,ANOVA (K=5),RECALL,10,0.8166666666666667,0.24152294576982397
colon,KNN,ANOVA (K=5),F1,10,0.8033333333333333,0.16514116669768203
colon,KNN,ANOVA (K=5),AUC,10,0.8770833333333332,0.1240123015104789
colon,KNN,ANOVA (K=10),ACCURACY,10,0.8523809523809522,0.12284934965644032
colon,KNN,ANOVA (K=10),PRECISION,10,0.75,0.3263150034575203
colon,KNN,ANOVA (K=10),RECALL,10,0.7666666666666666,0.34426518632954817
colon,KNN,ANOVA (K=10),F1,10,0.7366666666666666,0.3032539578685874
colon,KNN,ANOVA (K=10),AUC,10,0.9020833333333332,0.1310459171718349
colon,KNN,ANOVA (K=15),ACCURACY,10,0.8523809523809522,0.12284934965644032
colon,KNN,ANOVA (K=15),PRECISION,10,0.75,0.3263150034575203
colon,KNN,ANOVA (K=15),RECALL,10,0.7666666666666666,0.34426518632954817
colon,KNN,ANOVA (K=15),F1,10,0.7366666666666666,0.3032539578685874
colon,KNN,ANOVA (K=15),AUC,10,0.8625,0.20581815058714115
colon,KNN,ANOVA (K=20),ACCURACY,10,0.8857142857142858,0.13645255428785688
colon,KNN,ANOVA (K=20),PRECISION,10,0.7833333333333333,0.3337959752399956
colon,KNN,ANOVA (K=20),RECALL,10,0.8166666666666667,0.3374742788552765
colon,KNN,ANOVA (K=20),F1,10,0.7899999999999999,0.32128215360057305
colon,KNN,ANOVA (K=20),AUC,10,0.8875,0.21408720964441885
colon,KNN,ANOVA (K=25),ACCURACY,10,0.8857142857142858,0.13645255428785688
colon,KNN,ANOVA (K=25),PRECISION,10,0.7833333333333333,0.3337959752399956
colon,KNN,ANOVA (K=25),RECALL,10,0.8166666666666667,0.3374742788552765
colon,KNN,ANOVA (K=25),F1,10,0.7899999999999999,0.32128215360057305
colon,KNN,ANOVA (K=25),AUC,10,0.8729166666666666,0.1541760507654468
colon,KNN,ANOVA (K=50),ACCURACY,10,0.869047619047619,0.1048400382033564
colon,KNN,ANOVA (K=50),PRECISION,10,0.85,0.1995364999563108
colon,KNN,ANOVA (K=50),RECALL,10,0.8166666666666667,0.24152294576982397
colon,KNN,ANOVA (K=50),F1,10,0.8033333333333333,0.16514116669768203
colon,KNN,ANOVA (K=50),AUC,10,0.9083333333333332,0.13965068855832688
colon,KNN,ANOVA (K=100),ACCURACY,10,0.8523809523809524,0.12284934965644032
colon,KNN,ANOVA (K=100),PRECISION,10,0.75,0.3263150034575203
colon,KNN,ANOVA (K=100),RECALL,10,0.7666666666666666,0.34426518632954817
colon,KNN,ANOVA (K=100),F1,10,0.7366666666666667,0.3032539578685874
colon,KNN,ANOVA (K=100),AUC,10,0.8833333333333332,0.14965237496723308
colon,KNN,Lasso (K=55),ACCURACY,1,1.0,0.0
colon,KNN,Lasso (K=55),PRECISION,1,1.0,0.0
colon,KNN,Lasso (K=55),RECALL,1,1.0,0.0
colon,KNN,Lasso (K=55),F1,1,1.0,0.0
colon,KNN,Lasso (K=55),AUC,1,1.0,0.0
colon,KNN,Lasso (K=651),ACCURACY,1,0.5714285714285714,0.0
colon,KNN,Lasso (K=651),PRECISION,1,0.0,0.0
colon,KNN,Lasso (K=651),RECALL,1,0.0,0.0
colon,KNN,Lasso (K=651),F1,1,0.0,0.0
colon,KNN,Lasso (K=651),AUC,1,0.875,0.0
colon,KNN,Lasso (K=57),ACCURACY,1,0.8333333333333334,0.0
colon,KNN,Lasso (K=57),PRECISION,1,0.6666666666666666,0.0
colon,KNN,Lasso (K=57),RECALL,1,1.0,0.0
colon,KNN,Lasso (K=57),F1,1,0.8,0.0
colon,KNN,Lasso (K=57),AUC,1,0.9375,0.0
colon,KNN,Lasso (K=47),ACCURACY,1,1.0,0.0
colon,KNN,Lasso (K=47),PRECISION,1,1.0,0.0
colon,KNN,Lasso (K=47),RECALL,1,1.0,0.0
colon,KNN,Lasso (K=47),F1,1,1.0,0.0
colon,KNN,Lasso (K=47),AUC,1,1.0,0.0
colon,KNN,Lasso (K=51),ACCURACY,1,0.8333333333333334,0.0
colon,KNN,Lasso (K=51),PRECISION,1,0.6666666666666666,0.0
colon,KNN,Lasso (K=51),RECALL,1,1.0,0.0
colon,KNN,Lasso (K=51),F1,1,0.8,0.0
colon,KNN,Lasso (K=51),AUC,1,0.875,0.0
colon,KNN,Lasso (K=46),ACCURACY,1,0.6666666666666666,0.0
colon,KNN,Lasso (K=46),PRECISION,1,0.5,0.0
colon,KNN,Lasso (K=46),RECALL,1,0.5,0.0
colon,KNN,Lasso (K=46),F1,1,0.5,0.0
colon,KNN,Lasso (K=46),AUC,1,0.625,0.0
colon,KNN,Lasso (K=53),ACCURACY,1,1.0,0.0
colon,KNN,Lasso (K=53),PRECISION,1,1.0,0.0
colon,KNN,Lasso (K=53),RECALL,1,1.0,0.0
colon,KNN,Lasso (K=53),F1,1,1.0,0.0
colon,KNN,Lasso (K=53),AUC,1,1.0,0.0
colon,KNN,Lasso (K=1760),ACCURACY,1,0.6666666666666666,0.0
colon,KNN,Lasso (K=1760),PRECISION,1,0.0,0.0
colon,KNN,Lasso (K=1760),RECALL,1,0.0,0.0
colon,KNN,Lasso (K=1760),F1,1,0.0,0.0
colon,KNN,Lasso (K=1760),AUC,1,0.9375,0.0
colon,KNN,Lasso (K=48),ACCURACY,1,0.8333333333333334,0.0
colon,KNN,Lasso (K=48),PRECISION,1,0.6666666666666666,0.0
colon,KNN,Lasso (K=48),RECALL,1,1.0,0.0
colon,KNN,Lasso (K=48),F1,1,0.8,0.0
colon,KNN,Lasso (K=48),AUC,1,0.875,0.0
colon,KNN,Lasso (K=1934),ACCURACY,1,0.6666666666666666,0.0
colon,KNN,Lasso (K=1934),PRECISION,1,0.0,0.0
colon,KNN,Lasso (K=1934),RECALL,1,0.0,0.0
colon,KNN,Lasso (K=1934),F1,1,0.0,0.0
colon,KNN,Lasso (K=1934),AUC,1,0.6875,0.0
colon,KNN,None,ACCURACY,10,0.7476190476190476,0.13937556456200123
colon,KNN,None,PRECISION,10,0.45,0.416110740246089
colon,KNN,None,RECALL,10,0.5,0.4714045207910317
colon,KNN,None,F1,10,0.45666666666666667,0.4121757985239901
colon,KNN,None,AUC,10,0.8354166666666666,0.10733604350155591
colon,KNN,QUBO-SA (K=5),ACCURACY,10,0.6547619047619048,0.20458648816905145
colon,KNN,QUBO-SA (K=5),PRECISION,10,0.5333333333333333,0.5018484351393873
colon,KNN,QUBO-SA (K=5),RECALL,10,0.3333333333333333,0.2939723678960656
colon,KNN,QUBO-SA (K=5),F1,10,0.39999999999999997,0.361068373539376
colon,KNN,QUBO-SA (K=5),AUC,10,0.6,0.2735441260361642
colon,KNN,QUBO-SA (K=10),ACCURACY,10,0.7142857142857143,0.17424205079444563
colon,KNN,QUBO-SA (K=10),PRECISION,10,0.65,0.26585524697789775
colon,KNN,QUBO-SA (K=10),RECALL,10,0.6166666666666666,0.2727319490807462
colon,KNN,QUBO-SA (K=10),F1,10,0.6033333333333334,0.21571013930163518
colon,KNN,QUBO-SA (K=10),AUC,10,0.8208333333333332,0.16173251808899597
colon,KNN,QUBO-SA (K=15),ACCURACY,10,0.6666666666666666,0.14018668041790236
colon,KNN,QUBO-SA (K=15),PRECISION,10,0.41666666666666663,0.2515384760593727
colon,KNN,QUBO-SA (K=15),RECALL,10,0.5333333333333333,0.3751542892474251
colon,KNN,QUBO-SA (K=15),F1,10,0.4633333333333334,0.2970845994986264
colon,KNN,QUBO-SA (K=15),AUC,10,0.7979166666666666,0.19346230133293937
colon,KNN,QUBO-SA (K=20),ACCURACY,10,0.6928571428571428,0.12318217126152818
colon,KNN,QUBO-SA (K=20),PRECISION,10,0.45,0.43779751788545657
colon,KNN,QUBO-SA (K=20),RECALL,10,0.31666666666666665,0.32820123306093174
colon,KNN,QUBO-SA (K=20),F1,10,0.35,0.3374742788552765
colon,KNN,QUBO-SA (K=20),AUC,10,0.825,0.16203042314544314
colon,KNN,QUBO-SA (K=25),ACCURACY,10,0.7714285714285715,0.1433852671826821
colon,KNN,QUBO-SA (K=25),PRECISION,10,0.8333333333333334,0.2832788618662658
colon,KNN,QUBO-SA (K=25),RECALL,10,0.5833333333333333,0.161970885967925
colon,KNN,QUBO-SA (K=25),F1,10,0.6533333333333334,0.14673399128194828
colon,KNN,QUBO-SA (K=25),AUC,10,0.86875,0.14267411390219945
colon,KNN,QUBO-SA (K=50),ACCURACY,10,0.7309523809523809,0.172443351563968
colon,KNN,QUBO-SA (K=50),PRECISION,10,0.5,0.45133546692422
colon,KNN,QUBO-SA (K=50),RECALL,10,0.4833333333333334,0.4743416490252569
colon,KNN,QUBO-SA (K=50),F1,10,0.45666666666666667,0.4121757985239901
colon,KNN,QUBO-SA (K=50),AUC,10,0.7666666666666666,0.2360702579035882
colon,KNN,QUBO-SA (K=100),ACCURACY,10,0.7261904761904763,0.1699413738520941
colon,KNN,QUBO-SA (K=100),PRECISION,10,0.5,0.408248290463863
colon,KNN,QUBO-SA (K=100),RECALL,10,0.4666666666666666,0.37515428924742517
colon,KNN,QUBO-SA (K=100),F1,10,0.48,0.38528488738133043
colon,KNN,QUBO-SA (K=100),AUC,10,0.8,0.1661450169781407
colon,KNN,QUBO-SB (K=5),ACCURACY,10,0.8357142857142857,0.1573151212283644
colon,KNN,QUBO-SB (K=5),PRECISION,10,0.75,0.3263150034575203
colon,KNN,QUBO-SB (K=5),RECALL,10,0.7666666666666666,0.34426518632954817
colon,KNN,QUBO-SB (K=5),F1,10,0.7366666666666666,0.3032539578685874
colon,KNN,QUBO-SB (K=5),AUC,10,0.8708333333333332,0.17397184744579713
colon,KNN,QUBO-SB (K=10),ACCURACY,10,0.7880952380952381,0.16009335271104339
colon,KNN,QUBO-SB (K=10),PRECISION,10,0.65,0.4190671592365802
colon,KNN,QUBO-SB (K=10),RECALL,10,0.5833333333333333,0.3706017795590648
colon,KNN,QUBO-SB (K=10),F1,10,0.5966666666666666,0.3673226455392125
colon,KNN,QUBO-SB (K=10),AUC,10,0.8416666666666666,0.19720265943665388
colon,KNN,QUBO-SB (K=15),ACCURACY,10,0.7880952380952381,0.11525711505116228
colon,KNN,QUBO-SB (K=15),PRECISION,10,0.65,0.3088209357708288
colon,KNN,QUBO-SB (K=15),RECALL,10,0.6833333333333333,0.32820123306093174
colon,KNN,QUBO-SB (K=15),F1,10,0.65,0.28382310609877337
colon,KNN,QUBO-SB (K=15),AUC,10,0.85,0.1868042647621658
colon,KNN,QUBO-SB (K=20),ACCURACY,10,0.780952380952381,0.19205693285402126
colon,KNN,QUBO-SB (K=20),PRECISION,10,0.6333333333333333,0.39126259692575577
colon,KNN,QUBO-SB (K=20),RECALL,10,0.6333333333333333,0.4216370213557839
colon,KNN,QUBO-SB (K=20),F1,10,0.6166666666666667,0.38465954162475025
colon,KNN,QUBO-SB (K=20),AUC,10,0.8666666666666666,0.1544104678854144
colon,KNN,QUBO-SB (K=25),ACCURACY,10,0.7833333333333333,0.19616183589174083
colon,KNN,QUBO-SB (K=25),PRECISION,10,0.6666666666666667,0.3424674446093876
colon,KNN,QUBO-SB (K=25),RECALL,10,0.6833333333333333,0.3638782865291737
colon,KNN,QUBO-SB (K=25),F1,10,0.6599999999999999,0.3299083299537002
colon,KNN,QUBO-SB (K=25),AUC,10,0.84375,0.16760442202982181
colon,KNN,QUBO-SB (K=50),ACCURACY,10,0.7761904761904762,0.1343123542940075
colon,KNN,QUBO-SB (K=50),PRECISION,10,0.75,0.23895347964007296
colon,KNN,QUBO-SB (K=50),RECALL,10,0.6833333333333333,0.22838671990104964
colon,KNN,QUBO-SB (K=50),F1,10,0.6833333333333333,0.1642416166566054
colon,KNN,QUBO-SB (K=50),AUC,10,0.825,0.15534459901922706
colon,KNN,QUBO-SB (K=100),ACCURACY,10,0.6928571428571428,0.1461050540634283
colon,KNN,QUBO-SB (K=100),PRECISION,10,0.55,0.3429177636002437
colon,KNN,QUBO-SB (K=100),RECALL,10,0.5166666666666666,0.3804643037391985
colon,KNN,QUBO-SB (K=100),F1,10,0.48999999999999994,0.29230881691191674
colon,KNN,QUBO-SB (K=100),AUC,10,0.7916666666666666,0.19837301190396806
colon,KNN,RFECV (K=1600),ACCURACY,2,0.7023809523809523,0.18519463316790535
colon,KNN,RFECV (K=1600),PRECISION,2,0.3333333333333333,0.4714045207910317
colon,KNN,RFECV (K=1600),RECALL,2,0.5,0.7071067811865476
colon,KNN,RFECV (K=1600),F1,2,0.4,0.5656854249492381
colon,KNN,RFECV (K=1600),AUC,2,0.8854166666666666,0.07365695637359876
colon,KNN,RFECV (K=1800),ACCURACY,1,0.5714285714285714,0.0
colon,KNN,RFECV (K=1800),PRECISION,1,0.0,0.0
colon,KNN,RFECV (K=1800),RECALL,1,0.0,0.0
colon,KNN,RFECV (K=1800),F1,1,0.0,0.0
colon,KNN,RFECV (K=1800),AUC,1,0.7083333333333333,0.0
colon,KNN,RFECV (K=400),ACCURACY,1,0.8333333333333334,0.0
colon,KNN,RFECV (K=400),PRECISION,1,0.6666666666666666,0.0
colon,KNN,RFECV (K=400),RECALL,1,1.0,0.0
colon,KNN,RFECV (K=400),F1,1,0.8,0.0
colon,KNN,RFECV (K=400),AUC,1,0.75,0.0
colon,KNN,RFECV (K=600),ACCURACY,1,0.5,0.0
colon,KNN,RFECV (K=600),PRECISION,1,0.0,0.0
colon,KNN,RFECV (K=600),RECALL,1,0.0,0.0
colon,KNN,RFECV (K=600),F1,1,0.0,0.0
colon,KNN,RFECV (K=600),AUC,1,0.75,0.0
colon,KNN,RFECV (K=800),ACCURACY,1,0.6666666666666666,0.0
colon,KNN,RFECV (K=800),PRECISION,1,0.5,0.0
colon,KNN,RFECV (K=800),RECALL,1,0.5,0.0
colon,KNN,RFECV (K=800),F1,1,0.5,0.0
colon,KNN,RFECV (K=800),AUC,1,0.8125,0.0
colon,KNN,RFECV (K=2000),ACCURACY,2,0.75,0.11785113019775798
colon,KNN,RFECV (K=2000),PRECISION,2,0.5833333333333333,0.11785113019775789
colon,KNN,RFECV (K=2000),RECALL,2,0.75,0.3535533905932738
colon,KNN,RFECV (K=2000),F1,2,0.65,0.21213203435596428
colon,KNN,RFECV (K=2000),AUC,2,0.84375,0.13258252147247765
colon,KNN,RFECV (K=1000),ACCURACY,2,0.75,0.11785113019775798
colon,KNN,RFECV (K=1000),PRECISION,2,0.5,0.7071067811865476
colon,KNN,RFECV (K=1000),RECALL,2,0.25,0.3535533905932738
colon,KNN,RFECV (K=1000),F1,2,0.3333333333333333,0.4714045207910317
colon,KNN,RFECV (K=1000),AUC,2,0.9375,0.08838834764831845
colon,OPF,ANOVA (K=5),ACCURACY,10,0.8023809523809525,0.17280823422240843
colon,OPF,ANOVA (K=5),PRECISION,10,0.7,0.35832256659104667
colon,OPF,ANOVA (K=5),RECALL,10,0.7166666666666666,0.3429177636002437
colon,OPF,ANOVA (K=5),F1,10,0.6833333333333333,0.31788265557599926
colon,OPF,ANOVA (K=5),AUC,10,0.925,0.1687371394276382
colon,OPF,ANOVA (K=10),ACCURACY,10,0.8238095238095238,0.11782440355489293
colon,OPF,ANOVA (K=10),PRECISION,10,0.7833333333333333,0.3337959752399956
colon,OPF,ANOVA (K=10),RECALL,10,0.65,0.3464992473225039
colon,OPF,ANOVA (K=10),F1,10,0.6733333333333333,0.2934679825638965
colon,OPF,ANOVA (K=10),AUC,10,0.9208333333333332,0.12336898884001364
colon,OPF,ANOVA (K=15),ACCURACY,10,0.7880952380952382,0.08432889815326665
colon,OPF,ANOVA (K=15),PRECISION,10,0.7333333333333333,0.33518006953329677
colon,OPF,ANOVA (K=15),RECALL,10,0.5833333333333333,0.28598972613852774
colon,OPF,ANOVA (K=15),F1,10,0.62,0.24705674861666305
colon,OPF,ANOVA (K=15),AUC,10,0.9125,0.10290907529357057
colon,OPF,ANOVA (K=20),ACCURACY,10,0.8047619047619048,0.10753895038701158
colon,OPF,ANOVA (K=20),PRECISION,10,0.7333333333333333,0.33518006953329677
colon,OPF,ANOVA (K=20),RECALL,10,0.6333333333333333,0.31229931827900437
colon,OPF,ANOVA (K=20),F1,10,0.6533333333333334,0.27496352171079885
colon,OPF,ANOVA (K=20),AUC,10,0.8791666666666667,0.10290907529357057
colon,OPF,ANOVA (K=25),ACCURACY,10,0.8071428571428573,0.1277013475448753
colon,OPF,ANOVA (K=25),PRECISION,10,0.7333333333333333,0.33518006953329677
colon,OPF,ANOVA (K=25),RECALL,10,0.65,0.3464992473225039
colon,OPF,ANOVA (K=25),F1,10,0.6566666666666666,0.2985768714219977
colon,OPF,ANOVA (K=25),AUC,10,0.8333333333333334,0.15590239111558088
colon,OPF,ANOVA (K=50),ACCURACY,10,0.8095238095238095,0.13928514900622418
colon,OPF,ANOVA (K=50),PRECISION,10,0.7333333333333333,0.33518006953329677
colon,OPF,ANOVA (K=50),RECALL,10,0.65,0.3464992473225039
colon,OPF,ANOVA (K=50),F1,10,0.6633333333333333,0.3016211342760572
colon,OPF,ANOVA (K=50),AUC,10,0.875,0.10206207261596575
colon,OPF,ANOVA (K=100),ACCURACY,10,0.8095238095238095,0.13928514900622418
colon,OPF,ANOVA (K=100),PRECISION,10,0.7666666666666666,0.34426518632954817
colon,OPF,ANOVA (K=100),RECALL,10,0.6166666666666666,0.314760343871451
colon,OPF,ANOVA (K=100),F1,10,0.66,0.2900830021703239
colon,OPF,ANOVA (K=100),AUC,10,0.8666666666666666,0.15061601901917732
colon,OPF,Lasso (K=55),ACCURACY,1,1.0,0.0
colon,OPF,Lasso (K=55),PRECISION,1,1.0,0.0
colon,OPF,Lasso (K=55),RECALL,1,1.0,0.0
colon,OPF,Lasso (K=55),F1,1,1.0,0.0
colon,OPF,Lasso (K=55),AUC,1,1.0,0.0
colon,OPF,Lasso (K=651),ACCURACY,1,0.7142857142857143,0.0
colon,OPF,Lasso (K=651),PRECISION,1,1.0,0.0
colon,OPF,Lasso (K=651),RECALL,1,0.3333333333333333,0.0
colon,OPF,Lasso (K=651),F1,1,0.5,0.0
colon,OPF,Lasso (K=651),AUC,1,0.75,0.0
colon,OPF,Lasso (K=57),ACCURACY,1,1.0,0.0
colon,OPF,Lasso (K=57),PRECISION,1,1.0,0.0
colon,OPF,Lasso (K=57),RECALL,1,1.0,0.0
colon,OPF,Lasso (K=57),F1,1,1.0,0.0
colon,OPF,Lasso (K=57),AUC,1,1.0,0.0
colon,OPF,Lasso (K=47),ACCURACY,1,0.8333333333333334,0.0
colon,OPF,Lasso (K=47),PRECISION,1,1.0,0.0
colon,OPF,Lasso (K=47),RECALL,1,0.5,0.0
colon,OPF,Lasso (K=47),F1,1,0.6666666666666666,0.0
colon,OPF,Lasso (K=47),AUC,1,1.0,0.0
colon,OPF,Lasso (K=51),ACCURACY,1,0.8333333333333334,0.0
colon,OPF,Lasso (K=51),PRECISION,1,0.6666666666666666,0.0
colon,OPF,Lasso (K=51),RECALL,1,1.0,0.0
colon,OPF,Lasso (K=51),F1,1,0.8,0.0
colon,OPF,Lasso (K=51),AUC,1,0.875,0.0
colon,OPF,Lasso (K=46),ACCURACY,1,0.6666666666666666,0.0
colon,OPF,Lasso (K=46),PRECISION,1,0.5,0.0
colon,OPF,Lasso (K=46),RECALL,1,0.5,0.0
colon,OPF,Lasso (K=46),F1,1,0.5,0.0
colon,OPF,Lasso (K=46),AUC,1,0.625,0.0
colon,OPF,Lasso (K=53),ACCURACY,1,1.0,0.0
colon,OPF,Lasso (K=53),PRECISION,1,1.0,0.0
colon,OPF,Lasso (K=53),RECALL,1,1.0,0.0
colon,OPF,Lasso (K=53),F1,1,1.0,0.0
colon,OPF,Lasso (K=53),AUC,1,1.0,0.0
colon,OPF,Lasso (K=1760),ACCURACY,1,0.8333333333333334,0.0
colon,OPF,Lasso (K=1760),PRECISION,1,1.0,0.0
colon,OPF,Lasso (K=1760),RECALL,1,0.5,0.0
colon,OPF,Lasso (K=1760),F1,1,0.6666666666666666,0.0
colon,OPF,Lasso (K=1760),AUC,1,1.0,0.0
colon,OPF,Lasso (K=48),ACCURACY,1,0.8333333333333334,0.0
colon,OPF,Lasso (K=48),PRECISION,1,0.6666666666666666,0.0
colon,OPF,Lasso (K=48),RECALL,1,1.0,0.0
colon,OPF,Lasso (K=48),F1,1,0.8,0.0
colon,OPF,Lasso (K=48),AUC,1,1.0,0.0
colon,OPF,Lasso (K=1934),ACCURACY,1,0.6666666666666666,0.0
colon,OPF,Lasso (K=1934),PRECISION,1,0.5,0.0
colon,OPF,Lasso (K=1934),RECALL,1,1.0,0.0
colon,OPF,Lasso (K=1934),F1,1,0.6666666666666666,0.0
colon,OPF,Lasso (K=1934),AUC,1,0.75,0.0
colon,OPF,None,ACCURACY,10,0.7738095238095238,0.08342776206995493
colon,OPF,None,PRECISION,10,0.7,0.3220305943597653
colon,OPF,None,RECALL,10,0.65,0.3464992473225039
colon,OPF,None,F1,10,0.62,0.24705674861666305
colon,OPF,None,AUC,10,0.8541666666666666,0.15497162225292638
colon,OPF,QUBO-SA (K=5),ACCURACY,10,0.6761904761904762,0.19349460263708926
colon,OPF,QUBO-SA (K=5),PRECISION,10,0.4833333333333334,0.3884918608232686
colon,OPF,QUBO-SA (K=5),RECALL,10,0.4833333333333333,0.3804643037391985
colon,OPF,QUBO-SA (K=5),F1,10,0.47000000000000003,0.3612222051334628
colon,OPF,QUBO-SA (K=5),AUC,10,0.5916666666666666,0.28720126723472955
colon,OPF,QUBO-SA (K=10),ACCURACY,10,0.7190476190476189,0.21583799902736558
colon,OPF,QUBO-SA (K=10),PRECISION,10,0.6,0.2509242175696937
colon,OPF,QUBO-SA (K=10),RECALL,10,0.7166666666666666,0.3047970383187823
colon,OPF,QUBO-SA (K=10),F1,10,0.6466666666666667,0.2625609864487454
colon,OPF,QUBO-SA (K=10),AUC,10,0.7583333333333333,0.253676667929575
colon,OPF,QUBO-SA (K=15),ACCURACY,10,0.5666666666666667,0.21349058829961803
colon,OPF,QUBO-SA (K=15),PRECISION,10,0.35,0.3088209357708288
colon,OPF,QUBO-SA (K=15),RECALL,10,0.3833333333333333,0.314760343871451
colon,OPF,QUBO-SA (K=15),F1,10,0.3633333333333333,0.3093002855909879
colon,OPF,QUBO-SA (K=15),AUC,10,0.6416666666666666,0.22669117514559073
colon,OPF,QUBO-SA (K=20),ACCURACY,10,0.7428571428571429,0.11212687626951978
colon,OPF,QUBO-SA (K=20),PRECISION,10,0.65,0.38849186082326864
colon,OPF,QUBO-SA (K=20),RECALL,10,0.5166666666666666,0.3804643037391985
colon,OPF,QUBO-SA (K=20),F1,10,0.5233333333333333,0.30186662086114036
colon,OPF,QUBO-SA (K=20),AUC,10,0.7958333333333333,0.14757557176821662
colon,OPF,QUBO-SA (K=25),ACCURACY,10,0.769047619047619,0.21178731660067632
colon,OPF,QUBO-SA (K=25),PRECISION,10,0.775,0.30944494314741383
colon,OPF,QUBO-SA (K=25),RECALL,10,0.7166666666666666,0.24907235301622105
colon,OPF,QUBO-SA (K=25),F1,10,0.7,0.2182986967154278
colon,OPF,QUBO-SA (K=25),AUC,10,0.7625,0.19939143523342331
colon,OPF,QUBO-SA (K=50),ACCURACY,10,0.7119047619047618,0.1200749325129497
colon,OPF,QUBO-SA (K=50),PRECISION,10,0.5166666666666666,0.3088209357708288
colon,OPF,QUBO-SA (K=50),RECALL,10,0.65,0.4190671592365802
colon,OPF,QUBO-SA (K=50),F1,10,0.5466666666666666,0.31079348865861495
colon,OPF,QUBO-SA (K=50),AUC,10,0.8,0.18819316317727025
colon,OPF,QUBO-SA (K=100),ACCURACY,10,0.6952380952380952,0.11268723396380223
colon,OPF,QUBO-SA (K=100),PRECISION,10,0.5666666666666667,0.29606472432164954
colon,OPF,QUBO-SA (K=100),RECALL,10,0.5833333333333333,0.28598972613852774
colon,OPF,QUBO-SA (K=100),F1,10,0.5438095238095239,0.22286528271662864
colon,OPF,QUBO-SA (K=100),AUC,10,0.7333333333333333,0.18654592655978683
colon,OPF,QUBO-SB (K=5),ACCURACY,10,0.7595238095238095,0.10435828935604123
colon,OPF,QUBO-SB (K=5),PRECISION,10,0.55,0.41611074024608896
colon,OPF,QUBO-SB (K=5),RECALL,10,0.5166666666666666,0.4116363011742823
colon,OPF,QUBO-SB (K=5),F1,10,0.5033333333333334,0.35985250750897074
colon,OPF,QUBO-SB (K=5),AUC,10,0.8791666666666667,0.1367191633591635
colon,OPF,QUBO-SB (K=10),ACCURACY,10,0.7285714285714285,0.1669310073033004
colon,OPF,QUBO-SB (K=10),PRECISION,10,0.5566666666666668,0.37352177783700713
colon,OPF,QUBO-SB (K=10),RECALL,10,0.5833333333333333,0.40253824294970664
colon,OPF,QUBO-SB (K=10),F1,10,0.5371428571428571,0.34661956770579655
colon,OPF,QUBO-SB (K=10),AUC,10,0.8291666666666666,0.19290061728296296
colon,OPF,QUBO-SB (K=15),ACCURACY,10,0.8047619047619048,0.10753895038701158
colon,OPF,QUBO-SB (K=15),PRECISION,10,0.6833333333333333,0.40406881213262624
colon,OPF,QUBO-SB (K=15),RECALL,10,0.5833333333333333,0.3706017795590648
colon,OPF,QUBO-SB (K=15),F1,10,0.6033333333333334,0.34298975977227364
colon,OPF,QUBO-SB (K=15),AUC,10,0.8583333333333332,0.14460461205355968
colon,OPF,QUBO-SB (K=20),ACCURACY,10,0.6833333333333333,0.18648260550709428
colon,OPF,QUBO-SB (K=20),PRECISION,10,0.4833333333333333,0.3374742788552764
colon,OPF,QUBO-SB (K=20),RECALL,10,0.5666666666666667,0.40975753143523946
colon,OPF,QUBO-SB (K=20),F1,10,0.5066666666666667,0.3484710874167785
colon,OPF,QUBO-SB (K=20),AUC,10,0.8208333333333332,0.17016014606435306
colon,OPF,QUBO-SB (K=25),ACCURACY,10,0.7476190476190476,0.19054231656409687
colon,OPF,QUBO-SB (K=25),PRECISION,10,0.7,0.35832256659104667
colon,OPF,QUBO-SB (K=25),RECALL,10,0.5666666666666667,0.33518006953329677
colon,OPF,QUBO-SB (K=25),F1,10,0.5966666666666666,0.30366079190967327
colon,OPF,QUBO-SB (K=25),AUC,10,0.8333333333333333,0.20600551353043509
colon,OPF,QUBO-SB (K=50),ACCURACY,10,0.7428571428571427,0.2044478950709491
colon,OPF,QUBO-SB (K=50),PRECISION,10,0.5083333333333333,0.38978072341468994
colon,OPF,QUBO-SB (K=50),RECALL,10,0.5833333333333333,0.4664682117707407
colon,OPF,QUBO-SB (K=50),F1,10,0.5357142857142857,0.4156381864564616
colon,OPF,QUBO-SB (K=50),AUC,10,0.825,0.19720265943665388
colon,OPF,QUBO-SB (K=100),ACCURACY,10,0.692857142857143,0.12318217126152821
colon,OPF,QUBO-SB (K=100),PRECISION,10,0.5999999999999999,0.33518006953329677
colon,OPF,QUBO-SB (K=100),RECALL,10,0.55,0.2944968506821905
colon,OPF,QUBO-SB (K=100),F1,10,0.5266666666666666,0.22705848487901867
colon,OPF,QUBO-SB (K=100),AUC,10,0.7958333333333334,0.15645819462932156
colon,OPF,RFECV (K=1600),ACCURACY,2,0.7023809523809523,0.18519463316790535
colon,OPF,RFECV (K=1600),PRECISION,2,0.3333333333333333,0.4714045207910317
colon,OPF,RFECV (K=1600),RECALL,2,0.5,0.7071067811865476
colon,OPF,RFECV (K=1600),F1,2,0.4,0.5656854249492381
colon,OPF,RFECV (K=1600),AUC,2,1.0,0.0
colon,OPF,RFECV (K=1800),ACCURACY,1,0.8571428571428571,0.0
colon,OPF,RFECV (K=1800),PRECISION,1,1.0,0.0
colon,OPF,RFECV (K=1800),RECALL,1,0.6666666666666666,0.0
colon,OPF,RFECV (K=1800),F1,1,0.8,0.0
colon,OPF,RFECV (K=1800),AUC,1,0.8333333333333333,0.0
colon,OPF,RFECV (K=400),ACCURACY,1,0.8333333333333334,0.0
colon,OPF,RFECV (K=400),PRECISION,1,1.0,0.0
colon,OPF,RFECV (K=400),RECALL,1,0.5,0.0
colon,OPF,RFECV (K=400),F1,1,0.6666666666666666,0.0
colon,OPF,RFECV (K=400),AUC,1,0.875,0.0
colon,OPF,RFECV (K=600),ACCURACY,1,0.5,0.0
colon,OPF,RFECV (K=600),PRECISION,1,0.0,0.0
colon,OPF,RFECV (K=600),RECALL,1,0.0,0.0
colon,OPF,RFECV (K=600),F1,1,0.0,0.0
colon,OPF,RFECV (K=600),AUC,1,0.5,0.0
colon,OPF,RFECV (K=800),ACCURACY,1,0.8333333333333334,0.0
colon,OPF,RFECV (K=800),PRECISION,1,0.6666666666666666,0.0
colon,OPF,RFECV (K=800),RECALL,1,1.0,0.0
colon,OPF,RFECV (K=800),F1,1,0.8,0.0
colon,OPF,RFECV (K=800),AUC,1,0.875,0.0
colon,OPF,RFECV (K=2000),ACCURACY,2,0.75,0.11785113019775798
colon,OPF,RFECV (K=2000),PRECISION,2,0.5833333333333333,0.11785113019775789
colon,OPF,RFECV (K=2000),RECALL,2,0.75,0.3535533905932738
colon,OPF,RFECV (K=2000),F1,2,0.65,0.21213203435596428
colon,OPF,RFECV (K=2000),AUC,2,0.75,0.1767766952966369
colon,OPF,RFECV (K=1000),ACCURACY,2,0.8333333333333334,0.0
colon,OPF,RFECV (K=1000),PRECISION,2,0.8333333333333333,0.23570226039551587
colon,OPF,RFECV (K=1000),RECALL,2,0.75,0.3535533905932738
colon,OPF,RFECV (K=1000),F1,2,0.7333333333333334,0.0942809041582064
colon,OPF,RFECV (K=1000),AUC,2,0.9375,0.08838834764831845
colon,RF,ANOVA (K=5),ACCURACY,10,0.8047619047619048,0.1268848818521355
colon,RF,ANOVA (K=5),PRECISION,10,0.7,0.3220305943597653
colon,RF,ANOVA (K=5),RECALL,10,0.7333333333333333,0.3701851388657263
colon,RF,ANOVA (K=5),F1,10,0.6733333333333332,0.29346798256389656
colon,RF,ANOVA (K=5),AUC,10,0.9125,0.13241873818392252
colon,RF,ANOVA (K=10),ACCURACY,10,0.838095238095238,0.07920619015793429
colon,RF,ANOVA (K=10),PRECISION,10,0.85,0.1995364999563108
colon,RF,ANOVA (K=10),RECALL,10,0.7333333333333333,0.23830678432808017
colon,RF,ANOVA (K=10),F1,10,0.75,0.13263707095903693
colon,RF,ANOVA (K=10),AUC,10,0.9125,0.1449377260910507
colon,RF,ANOVA (K=15),ACCURACY,10,0.838095238095238,0.11156370406860686
colon,RF,ANOVA (K=15),PRECISION,10,0.75,0.3263150034575203
colon,RF,ANOVA (K=15),RECALL,10,0.7333333333333333,0.33518006953329677
colon,RF,ANOVA (K=15),F1,10,0.7166666666666667,0.2902744550580696
colon,RF,ANOVA (K=15),AUC,10,0.91875,0.13192616832489637
colon,RF,ANOVA (K=20),ACCURACY,10,0.8214285714285715,0.12409917278660232
colon,RF,ANOVA (K=20),PRECISION,10,0.7333333333333333,0.33518006953329677
colon,RF,ANOVA (K=20),RECALL,10,0.7333333333333333,0.33518006953329677
colon,RF,ANOVA (K=20),F1,10,0.7033333333333334,0.289081132616032
colon,RF,ANOVA (K=20),AUC,10,0.925,0.12430361575146916
colon,RF,ANOVA (K=25),ACCURACY,10,0.869047619047619,0.13101249221602523
colon,RF,ANOVA (K=25),PRECISION,10,0.7833333333333333,0.3337959752399956
colon,RF,ANOVA (K=25),RECALL,10,0.7666666666666666,0.34426518632954817
colon,RF,ANOVA (K=25),F1,10,0.7566666666666666,0.3142893217686178
colon,RF,ANOVA (K=25),AUC,10,0.8916666666666666,0.16101529717988264
colon,RF,ANOVA (K=50),ACCURACY,10,0.869047619047619,0.13101249221602523
colon,RF,ANOVA (K=50),PRECISION,10,0.75,0.3263150034575203
colon,RF,ANOVA (K=50),RECALL,10,0.8166666666666667,0.3374742788552765
colon,RF,ANOVA (K=50),F1,10,0.77,0.3128720008068617
colon,RF,ANOVA (K=50),AUC,10,0.9041666666666666,0.16439423032139225
colon,RF,ANOVA (K=100),ACCURACY,10,0.8523809523809522,0.12284934965644032
colon,RF,ANOVA (K=100),PRECISION,10,0.75,0.3263150034575203
colon,RF,ANOVA (K=100),RECALL,10,0.7666666666666666,0.34426518632954817
colon,RF,ANOVA (K=100),F1,10,0.7366666666666666,0.3032539578685874
colon,RF,ANOVA (K=100),AUC,10,0.9291666666666666,0.0997682499781554
colon,RF,Lasso (K=55),ACCURACY,1,0.8571428571428571,0.0
colon,RF,Lasso (K=55),PRECISION,1,1.0,0.0
colon,RF,Lasso (K=55),RECALL,1,0.6666666666666666,0.0
colon,RF,Lasso (K=55),F1,1,0.8,0.0
colon,RF,Lasso (K=55),AUC,1,1.0,0.0
colon,RF,Lasso (K=651),ACCURACY,1,0.8571428571428571,0.0
colon,RF,Lasso (K=651),PRECISION,1,1.0,0.0
colon,RF,Lasso (K=651),RECALL,1,0.6666666666666666,0.0
colon,RF,Lasso (K=651),F1,1,0.8,0.0
colon,RF,Lasso (K=651),AUC,1,0.9166666666666666,0.0
colon,RF,Lasso (K=57),ACCURACY,1,0.8333333333333334,0.0
colon,RF,Lasso (K=57),PRECISION,1,0.6666666666666666,0.0
colon,RF,Lasso (K=57),RECALL,1,1.0,0.0
colon,RF,Lasso (K=57),F1,1,0.8,0.0
colon,RF,Lasso (K=57),AUC,1,0.875,0.0
colon,RF,Lasso (K=47),ACCURACY,1,1.0,0.0
colon,RF,Lasso (K=47),PRECISION,1,1.0,0.0
colon,RF,Lasso (K=47),RECALL,1,1.0,0.0
colon,RF,Lasso (K=47),F1,1,1.0,0.0
colon,RF,Lasso (K=47),AUC,1,1.0,0.0
colon,RF,Lasso (K=51),ACCURACY,1,0.8333333333333334,0.0
colon,RF,Lasso (K=51),PRECISION,1,0.6666666666666666,0.0
colon,RF,Lasso (K=51),RECALL,1,1.0,0.0
colon,RF,Lasso (K=51),F1,1,0.8,0.0
colon,RF,Lasso (K=51),AUC,1,1.0,0.0
colon,RF,Lasso (K=46),ACCURACY,1,0.6666666666666666,0.0
colon,RF,Lasso (K=46),PRECISION,1,0.5,0.0
colon,RF,Lasso (K=46),RECALL,1,0.5,0.0
colon,RF,Lasso (K=46),F1,1,0.5,0.0
colon,RF,Lasso (K=46),AUC,1,0.5,0.0
colon,RF,Lasso (K=53),ACCURACY,1,1.0,0.0
colon,RF,Lasso (K=53),PRECISION,1,1.0,0.0
colon,RF,Lasso (K=53),RECALL,1,1.0,0.0
colon,RF,Lasso (K=53),F1,1,1.0,0.0
colon,RF,Lasso (K=53),AUC,1,1.0,0.0
colon,RF,Lasso (K=1760),ACCURACY,1,0.8333333333333334,0.0
colon,RF,Lasso (K=1760),PRECISION,1,1.0,0.0
colon,RF,Lasso (K=1760),RECALL,1,0.5,0.0
colon,RF,Lasso (K=1760),F1,1,0.6666666666666666,0.0
colon,RF,Lasso (K=1760),AUC,1,1.0,0.0
colon,RF,Lasso (K=48),ACCURACY,1,0.8333333333333334,0.0
colon,RF,Lasso (K=48),PRECISION,1,0.6666666666666666,0.0
colon,RF,Lasso (K=48),RECALL,1,1.0,0.0
colon,RF,Lasso (K=48),F1,1,0.8,0.0
colon,RF,Lasso (K=48),AUC,1,1.0,0.0
colon,RF,Lasso (K=1934),ACCURACY,1,1.0,0.0
colon,RF,Lasso (K=1934),PRECISION,1,1.0,0.0
colon,RF,Lasso (K=1934),RECALL,1,1.0,0.0
colon,RF,Lasso (K=1934),F1,1,1.0,0.0
colon,RF,Lasso (K=1934),AUC,1,1.0,0.0
colon,RF,None,ACCURACY,10,0.8404761904761905,0.13043428052820724
colon,RF,None,PRECISION,10,0.7166666666666667,0.314760343871451
colon,RF,None,RECALL,10,0.7833333333333333,0.3337959752399956
colon,RF,None,F1,10,0.7366666666666666,0.3032539578685874
colon,RF,None,AUC,10,0.9229166666666666,0.10113648185972737
colon,RF,QUBO-SA (K=5),ACCURACY,10,0.669047619047619,0.19487319106179846
colon,RF,QUBO-SA (K=5),PRECISION,10,0.4333333333333334,0.4981447060324421
colon,RF,QUBO-SA (K=5),RECALL,10,0.31666666666666665,0.36387828652917364
colon,RF,QUBO-SA (K=5),F1,10,0.35333333333333333,0.4000617236328032
colon,RF,QUBO-SA (K=5),AUC,10,0.5833333333333333,0.24532669073132907
colon,RF,QUBO-SA (K=10),ACCURACY,10,0.8095238095238095,0.09323285813072009
colon,RF,QUBO-SA (K=10),PRECISION,10,0.8166666666666668,0.19953649995631081
colon,RF,QUBO-SA (K=10),RECALL,10,0.6833333333333333,0.22838671990104964
colon,RF,QUBO-SA (K=10),F1,10,0.71,0.13151538425711382
colon,RF,QUBO-SA (K=10),AUC,10,0.8916666666666666,0.1377732974181916
colon,RF,QUBO-SA (K=15),ACCURACY,10,0.7309523809523809,0.17605815136806172
colon,RF,QUBO-SA (K=15),PRECISION,10,0.6833333333333333,0.32820123306093174
colon,RF,QUBO-SA (K=15),RECALL,10,0.6166666666666666,0.314760343871451
colon,RF,QUBO-SA (K=15),F1,10,0.6066666666666667,0.2397529592757543
colon,RF,QUBO-SA (K=15),AUC,10,0.8375,0.19587765455905265
colon,RF,QUBO-SA (K=20),ACCURACY,10,0.7428571428571428,0.1887487809040603
colon,RF,QUBO-SA (K=20),PRECISION,10,0.5,0.4779069592801459
colon,RF,QUBO-SA (K=20),RECALL,10,0.4666666666666666,0.44305337860837524
colon,RF,QUBO-SA (K=20),F1,10,0.4666666666666667,0.4354648431614539
colon,RF,QUBO-SA (K=20),AUC,10,0.81875,0.22525063201292514
colon,RF,QUBO-SA (K=25),ACCURACY,10,0.7714285714285714,0.11994371737976231
colon,RF,QUBO-SA (K=25),PRECISION,10,0.5166666666666667,0.4743416490252569
colon,RF,QUBO-SA (K=25),RECALL,10,0.4333333333333333,0.40975753143523946
colon,RF,QUBO-SA (K=25),F1,10,0.45666666666666667,0.4121757985239901
colon,RF,QUBO-SA (K=25),AUC,10,0.9375,0.06588078458684124
colon,RF,QUBO-SA (K=50),ACCURACY,10,0.6952380952380952,0.13737267633916705
colon,RF,QUBO-SA (K=50),PRECISION,10,0.4833333333333333,0.44755853469161844
colon,RF,QUBO-SA (K=50),RECALL,10,0.3833333333333333,0.3932297415374753
colon,RF,QUBO-SA (K=50),F1,10,0.3933333333333333,0.35304670414640893
colon,RF,QUBO-SA (K=50),AUC,10,0.8166666666666667,0.1408883850323973
colon,RF,QUBO-SA (K=100),ACCURACY,10,0.7761904761904761,0.15560413883368215
colon,RF,QUBO-SA (K=100),PRECISION,10,0.7166666666666667,0.41611074024608896
colon,RF,QUBO-SA (K=100),RECALL,10,0.5166666666666666,0.3804643037391985
colon,RF,QUBO-SA (K=100),F1,10,0.5633333333333332,0.35046706049759824
colon,RF,QUBO-SA (K=100),AUC,10,0.8875,0.15093586652107951
colon,RF,QUBO-SB (K=5),ACCURACY,10,0.7523809523809525,0.11994371737976231
colon,RF,QUBO-SB (K=5),PRECISION,10,0.5333333333333333,0.3406602159279087
colon,RF,QUBO-SB (K=5),RECALL,10,0.6166666666666666,0.3932297415374753
colon,RF,QUBO-SB (K=5),F1,10,0.5566666666666668,0.3359342969270209
colon,RF,QUBO-SB (K=5),AUC,10,0.89375,0.13192616832489637
colon,RF,QUBO-SB (K=10),ACCURACY,10,0.757142857142857,0.14099313010287273
colon,RF,QUBO-SB (K=10),PRECISION,10,0.6666666666666667,0.3424674446093876
colon,RF,QUBO-SB (K=10),RECALL,10,0.6,0.3258417399692262
colon,RF,QUBO-SB (K=10),F1,10,0.5966666666666667,0.28172747535583104
colon,RF,QUBO-SB (K=10),AUC,10,0.8479166666666667,0.17624392555857435
colon,RF,QUBO-SB (K=15),ACCURACY,10,0.8523809523809522,0.12284934965644032
colon,RF,QUBO-SB (K=15),PRECISION,10,0.75,0.3263150034575203
colon,RF,QUBO-SB (K=15),RECALL,10,0.7666666666666666,0.34426518632954817
colon,RF,QUBO-SB (K=15),F1,10,0.7366666666666666,0.3032539578685874
colon,RF,QUBO-SB (K=15),AUC,10,0.875,0.16666666666666666
colon,RF,QUBO-SB (K=20),ACCURACY,10,0.8119047619047619,0.1553002439947615
colon,RF,QUBO-SB (K=20),PRECISION,10,0.65,0.38849186082326864
colon,RF,QUBO-SB (K=20),RECALL,10,0.6666666666666666,0.408248290463863
colon,RF,QUBO-SB (K=20),F1,10,0.6433333333333333,0.3771399844901553
colon,RF,QUBO-SB (K=20),AUC,10,0.8375,0.2045489618105596
colon,RF,QUBO-SB (K=25),ACCURACY,10,0.7476190476190475,0.17824485128418788
colon,RF,QUBO-SB (K=25),PRECISION,10,0.5666666666666667,0.37843080813169777
colon,RF,QUBO-SB (K=25),RECALL,10,0.5833333333333333,0.40253824294970664
colon,RF,QUBO-SB (K=25),F1,10,0.5566666666666666,0.3644884797244652
colon,RF,QUBO-SB (K=25),AUC,10,0.7833333333333333,0.18404743081641606
colon,RF,QUBO-SB (K=50),ACCURACY,10,0.819047619047619,0.16617463274034797
colon,RF,QUBO-SB (K=50),PRECISION,10,0.6833333333333333,0.40406881213262624
colon,RF,QUBO-SB (K=50),RECALL,10,0.6666666666666666,0.408248290463863
colon,RF,QUBO-SB (K=50),F1,10,0.6566666666666666,0.3803994002409884
colon,RF,QUBO-SB (K=50),AUC,10,0.8541666666666666,0.15497162225292638
colon,RF,QUBO-SB (K=100),ACCURACY,10,0.7404761904761903,0.11688512103460552
colon,RF,QUBO-SB (K=100),PRECISION,10,0.6666666666666667,0.408248290463863
colon,RF,QUBO-SB (K=100),RECALL,10,0.5,0.3424674446093876
colon,RF,QUBO-SB (K=100),F1,10,0.5266666666666666,0.29514591494904874
colon,RF,QUBO-SB (K=100),AUC,10,0.8875,0.09223309842157773
colon,RF,RFECV (K=1600),ACCURACY,2,0.8571428571428572,0.20203050891044214
colon,RF,RFECV (K=1600),PRECISION,2,1.0,0.0
colon,RF,RFECV (K=1600),RECALL,2,0.6666666666666666,0.4714045207910317
colon,RF,RFECV (K=1600),F1,2,0.75,0.3535533905932738
colon,RF,RFECV (K=1600),AUC,2,1.0,0.0
colon,RF,RFECV (K=1800),ACCURACY,1,0.8571428571428571,0.0
colon,RF,RFECV (K=1800),PRECISION,1,1.0,0.0
colon,RF,RFECV (K=1800),RECALL,1,0.6666666666666666,0.0
colon,RF,RFECV (K=1800),F1,1,0.8,0.0
colon,RF,RFECV (K=1800),AUC,1,0.9166666666666666,0.0
colon,RF,RFECV (K=400),ACCURACY,1,0.8333333333333334,0.0
colon,RF,RFECV (K=400),PRECISION,1,0.6666666666666666,0.0
colon,RF,RFECV (K=400),RECALL,1,1.0,0.0
colon,RF,RFECV (K=400),F1,1,0.8,0.0
colon,RF,RFECV (K=400),AUC,1,1.0,0.0
colon,RF,RFECV (K=600),ACCURACY,1,0.8333333333333334,0.0
colon,RF,RFECV (K=600),PRECISION,1,1.0,0.0
colon,RF,RFECV (K=600),RECALL,1,0.5,0.0
colon,RF,RFECV (K=600),F1,1,0.6666666666666666,0.0
colon,RF,RFECV (K=600),AUC,1,1.0,0.0
colon,RF,RFECV (K=800),ACCURACY,1,0.8333333333333334,0.0
colon,RF,RFECV (K=800),PRECISION,1,0.6666666666666666,0.0
colon,RF,RFECV (K=800),RECALL,1,1.0,0.0
colon,RF,RFECV (K=800),F1,1,0.8,0.0
colon,RF,RFECV (K=800),AUC,1,0.875,0.0
colon,RF,RFECV (K=2000),ACCURACY,2,0.75,0.11785113019775798
colon,RF,RFECV (K=2000),PRECISION,2,0.5833333333333333,0.11785113019775789
colon,RF,RFECV (K=2000),RECALL,2,0.75,0.3535533905932738
colon,RF,RFECV (K=2000),F1,2,0.65,0.21213203435596428
colon,RF,RFECV (K=2000),AUC,2,0.75,0.0
colon,RF,RFECV (K=1000),ACCURACY,2,0.8333333333333333,0.23570226039551587
colon,RF,RFECV (K=1000),PRECISION,2,0.5,0.7071067811865476
colon,RF,RFECV (K=1000),RECALL,2,0.5,0.7071067811865476
colon,RF,RFECV (K=1000),F1,2,0.5,0.7071067811865476
colon,RF,RFECV (K=1000),AUC,2,0.9375,0.08838834764831845
colon,SVM,ANOVA (K=5),ACCURACY,10,0.8714285714285716,0.12407379203722414
colon,SVM,ANOVA (K=5),PRECISION,10,0.85,0.1995364999563108
colon,SVM,ANOVA (K=5),RECALL,10,0.8333333333333333,0.2721655269759087
colon,SVM,ANOVA (K=5),F1,10,0.8066666666666666,0.19925788241297687
colon,SVM,ANOVA (K=5),AUC,10,0.9208333333333332,0.13671916335916348
colon,SVM,ANOVA (K=10),ACCURACY,10,0.8857142857142858,0.11156370406860684
colon,SVM,ANOVA (K=10),PRECISION,10,0.85,0.1995364999563108
colon,SVM,ANOVA (K=10),RECALL,10,0.8666666666666666,0.21942686286812776
colon,SVM,ANOVA (K=10),F1,10,0.8366666666666667,0.16810490551812954
colon,SVM,ANOVA (K=10),AUC,10,0.9125,0.16718668873115733
colon,SVM,ANOVA (K=15),ACCURACY,10,0.869047619047619,0.13101249221602523
colon,SVM,ANOVA (K=15),PRECISION,10,0.75,0.3263150034575203
colon,SVM,ANOVA (K=15),RECALL,10,0.8166666666666667,0.3374742788552765
colon,SVM,ANOVA (K=15),F1,10,0.77,0.3128720008068617
colon,SVM,ANOVA (K=15),AUC,10,0.9125,0.1449377260910507
colon,SVM,ANOVA (K=20),ACCURACY,10,0.869047619047619,0.13101249221602523
colon,SVM,ANOVA (K=20),PRECISION,10,0.75,0.3263150034575203
colon,SVM,ANOVA (K=20),RECALL,10,0.8166666666666667,0.3374742788552765
colon,SVM,ANOVA (K=20),F1,10,0.77,0.3128720008068617
colon,SVM,ANOVA (K=20),AUC,10,0.8666666666666666,0.18193914326458685
colon,SVM,ANOVA (K=25),ACCURACY,10,0.869047619047619,0.13101249221602523
colon,SVM,ANOVA (K=25),PRECISION,10,0.75,0.3263150034575203
colon,SVM,ANOVA (K=25),RECALL,10,0.8166666666666667,0.3374742788552765
colon,SVM,ANOVA (K=25),F1,10,0.77,0.3128720008068617
colon,SVM,ANOVA (K=25),AUC,10,0.8916666666666666,0.1377732974181916
colon,SVM,ANOVA (K=50),ACCURACY,10,0.8857142857142858,0.11156370406860684
colon,SVM,ANOVA (K=50),PRECISION,10,0.85,0.1995364999563108
colon,SVM,ANOVA (K=50),RECALL,10,0.8666666666666666,0.21942686286812776
colon,SVM,ANOVA (K=50),F1,10,0.8366666666666667,0.16810490551812954
colon,SVM,ANOVA (K=50),AUC,10,0.9291666666666666,0.1195574400925408
colon,SVM,ANOVA (K=100),ACCURACY,10,0.8547619047619047,0.13993933825962665
colon,SVM,ANOVA (K=100),PRECISION,10,0.8,0.21942686286812776
colon,SVM,ANOVA (K=100),RECALL,10,0.8666666666666666,0.21942686286812776
colon,SVM,ANOVA (K=100),F1,10,0.8099999999999999,0.18328282132429266
colon,SVM,ANOVA (K=100),AUC,10,0.9166666666666666,0.13176156917368248
colon,SVM,Lasso (K=55),ACCURACY,1,1.0,0.0
colon,SVM,Lasso (K=55),PRECISION,1,1.0,0.0
colon,SVM,Lasso (K=55),RECALL,1,1.0,0.0
colon,SVM,Lasso (K=55),F1,1,1.0,0.0
colon,SVM,Lasso (K=55),AUC,1,1.0,0.0
colon,SVM,Lasso (K=651),ACCURACY,1,1.0,0.0
colon,SVM,Lasso (K=651),PRECISION,1,1.0,0.0
colon,SVM,Lasso (K=651),RECALL,1,1.0,0.0
colon,SVM,Lasso (K=651),F1,1,1.0,0.0
colon,SVM,Lasso (K=651),AUC,1,1.0,0.0
colon,SVM,Lasso (K=57),ACCURACY,1,0.8333333333333334,0.0
colon,SVM,Lasso (K=57),PRECISION,1,0.6666666666666666,0.0
colon,SVM,Lasso (K=57),RECALL,1,1.0,0.0
colon,SVM,Lasso (K=57),F1,1,0.8,0.0
colon,SVM,Lasso (K=57),AUC,1,1.0,0.0
colon,SVM,Lasso (K=47),ACCURACY,1,0.8333333333333334,0.0
colon,SVM,Lasso (K=47),PRECISION,1,1.0,0.0
colon,SVM,Lasso (K=47),RECALL,1,0.5,0.0
colon,SVM,Lasso (K=47),F1,1,0.6666666666666666,0.0
colon,SVM,Lasso (K=47),AUC,1,1.0,0.0
colon,SVM,Lasso (K=51),ACCURACY,1,0.8333333333333334,0.0
colon,SVM,Lasso (K=51),PRECISION,1,0.6666666666666666,0.0
colon,SVM,Lasso (K=51),RECALL,1,1.0,0.0
colon,SVM,Lasso (K=51),F1,1,0.8,0.0
colon,SVM,Lasso (K=51),AUC,1,1.0,0.0
colon,SVM,Lasso (K=46),ACCURACY,1,0.6666666666666666,0.0
colon,SVM,Lasso (K=46),PRECISION,1,0.5,0.0
colon,SVM,Lasso (K=46),RECALL,1,0.5,0.0
colon,SVM,Lasso (K=46),F1,1,0.5,0.0
colon,SVM,Lasso (K=46),AUC,1,0.5,0.0
colon,SVM,Lasso (K=53),ACCURACY,1,1.0,0.0
colon,SVM,Lasso (K=53),PRECISION,1,1.0,0.0
colon,SVM,Lasso (K=53),RECALL,1,1.0,0.0
colon,SVM,Lasso (K=53),F1,1,1.0,0.0
colon,SVM,Lasso (K=53),AUC,1,1.0,0.0
colon,SVM,Lasso (K=1760),ACCURACY,1,0.6666666666666666,0.0
colon,SVM,Lasso (K=1760),PRECISION,1,0.0,0.0
colon,SVM,Lasso (K=1760),RECALL,1,0.0,0.0
colon,SVM,Lasso (K=1760),F1,1,0.0,0.0
colon,SVM,Lasso (K=1760),AUC,1,1.0,0.0
colon,SVM,Lasso (K=48),ACCURACY,1,0.8333333333333334,0.0
colon,SVM,Lasso (K=48),PRECISION,1,0.6666666666666666,0.0
colon,SVM,Lasso (K=48),RECALL,1,1.0,0.0
colon,SVM,Lasso (K=48),F1,1,0.8,0.0
colon,SVM,Lasso (K=48),AUC,1,0.75,0.0
colon,SVM,Lasso (K=1934),ACCURACY,1,0.8333333333333334,0.0
colon,SVM,Lasso (K=1934),PRECISION,1,1.0,0.0
colon,SVM,Lasso (K=1934),RECALL,1,0.5,0.0
colon,SVM,Lasso (K=1934),F1,1,0.6666666666666666,0.0
colon,SVM,Lasso (K=1934),AUC,1,1.0,0.0
colon,SVM,None,ACCURACY,10,0.8523809523809524,0.12284934965644032
colon,SVM,None,PRECISION,10,0.7166666666666667,0.314760343871451
colon,SVM,None,RECALL,10,0.8166666666666667,0.3374742788552765
colon,SVM,None,F1,10,0.75,0.3027650354097492
colon,SVM,None,AUC,10,0.9041666666666666,0.14170751045205232
colon,SVM,QUBO-SA (K=5),ACCURACY,10,0.6214285714285713,0.19934700656128074
colon,SVM,QUBO-SA (K=5),PRECISION,10,0.38333333333333336,0.4584595785728391
colon,SVM,QUBO-SA (K=5),RECALL,10,0.3333333333333333,0.376796110173626
colon,SVM,QUBO-SA (K=5),F1,10,0.3333333333333333,0.3678432301610411
colon,SVM,QUBO-SA (K=5),AUC,10,0.6791666666666666,0.23656003074938114
colon,SVM,QUBO-SA (K=10),ACCURACY,10,0.7642857142857143,0.13858242833485307
colon,SVM,QUBO-SA (K=10),PRECISION,10,0.6833333333333333,0.32820123306093174
colon,SVM,QUBO-SA (K=10),RECALL,10,0.5666666666666667,0.33518006953329677
colon,SVM,QUBO-SA (K=10),F1,10,0.5900000000000001,0.2793510999388351
colon,SVM,QUBO-SA (K=10),AUC,10,0.9,0.12139874101895642
colon,SVM,QUBO-SA (K=15),ACCURACY,10,0.7452380952380953,0.16837746291483513
colon,SVM,QUBO-SA (K=15),PRECISION,10,0.6,0.45946829173634074
colon,SVM,QUBO-SA (K=15),RECALL,10,0.5,0.41573970964154905
colon,SVM,QUBO-SA (K=15),F1,10,0.5071428571428571,0.38556238435534756
colon,SVM,QUBO-SA (K=15),AUC,10,0.8791666666666667,0.1805021288476081
colon,SVM,QUBO-SA (K=20),ACCURACY,10,0.8071428571428572,0.10067171727254973
colon,SVM,QUBO-SA (K=20),PRECISION,10,0.75,0.3263150034575203
colon,SVM,QUBO-SA (K=20),RECALL,10,0.65,0.3464992473225039
colon,SVM,QUBO-SA (K=20),F1,10,0.6533333333333333,0.27496352171079885
colon,SVM,QUBO-SA (K=20),AUC,10,0.85,0.1536590742882148
colon,SVM,QUBO-SA (K=25),ACCURACY,10,0.8214285714285714,0.12409917278660232
colon,SVM,QUBO-SA (K=25),PRECISION,10,0.7666666666666666,0.34426518632954817
colon,SVM,QUBO-SA (K=25),RECALL,10,0.6833333333333333,0.32820123306093174
colon,SVM,QUBO-SA (K=25),F1,10,0.6900000000000001,0.2871958939147311
colon,SVM,QUBO-SA (K=25),AUC,10,0.9125,0.1868042647621658
colon,SVM,QUBO-SA (K=50),ACCURACY,10,0.7547619047619046,0.22421161673823436
colon,SVM,QUBO-SA (K=50),PRECISION,10,0.6083333333333334,0.4083427814477609
colon,SVM,QUBO-SA (K=50),RECALL,10,0.6833333333333333,0.4335469558917038
colon,SVM,QUBO-SA (K=50),F1,10,0.61,0.3893806414687526
colon,SVM,QUBO-SA (K=50),AUC,10,0.825,0.18819316317727025
colon,SVM,QUBO-SA (K=100),ACCURACY,10,0.8095238095238095,0.09323285813072009
colon,SVM,QUBO-SA (K=100),PRECISION,10,0.8166666666666668,0.19953649995631081
colon,SVM,QUBO-SA (K=100),RECALL,10,0.75,0.27498597046143514
colon,SVM,QUBO-SA (K=100),F1,10,0.7233333333333334,0.13337962159486783
colon,SVM,QUBO-SA (K=100),AUC,10,0.9083333333333332,0.09781564923143894
colon,SVM,QUBO-SB (K=5),ACCURACY,10,0.8357142857142857,0.1362908942700214
colon,SVM,QUBO-SB (K=5),PRECISION,10,0.7333333333333333,0.33518006953329677
colon,SVM,QUBO-SB (K=5),RECALL,10,0.7666666666666666,0.34426518632954817
colon,SVM,QUBO-SB (K=5),F1,10,0.7233333333333334,0.3030910713479765
colon,SVM,QUBO-SB (K=5),AUC,10,0.8625,0.2079162491645775
colon,SVM,QUBO-SB (K=10),ACCURACY,10,0.7595238095238094,0.13062730213662102
colon,SVM,QUBO-SB (K=10),PRECISION,10,0.5833333333333333,0.3706017795590648
colon,SVM,QUBO-SB (K=10),RECALL,10,0.6166666666666666,0.3932297415374753
colon,SVM,QUBO-SB (K=10),F1,10,0.5733333333333334,0.33694341393998317
colon,SVM,QUBO-SB (K=10),AUC,10,0.8625,0.14965237496723308
colon,SVM,QUBO-SB (K=15),ACCURACY,10,0.838095238095238,0.11156370406860686
colon,SVM,QUBO-SB (K=15),PRECISION,10,0.7166666666666667,0.314760343871451
colon,SVM,QUBO-SB (K=15),RECALL,10,0.7833333333333333,0.3337959752399956
colon,SVM,QUBO-SB (K=15),F1,10,0.73,0.2907843798341918
colon,SVM,QUBO-SB (K=15),AUC,10,0.875,0.16666666666666666
colon,SVM,QUBO-SB (K=20),ACCURACY,10,0.780952380952381,0.1355261854357877
colon,SVM,QUBO-SB (K=20),PRECISION,10,0.6666666666666667,0.3042903097250923
colon,SVM,QUBO-SB (K=20),RECALL,10,0.6833333333333333,0.3638782865291737
colon,SVM,QUBO-SB (K=20),F1,10,0.6433333333333333,0.2828645359160677
colon,SVM,QUBO-SB (K=20),AUC,10,0.875,0.1678200829665913
colon,SVM,QUBO-SB (K=25),ACCURACY,10,0.7785714285714285,0.12297746456210365
colon,SVM,QUBO-SB (K=25),PRECISION,10,0.7,0.3220305943597653
colon,SVM,QUBO-SB (K=25),RECALL,10,0.6333333333333334,0.34960294939005054
colon,SVM,QUBO-SB (K=25),F1,10,0.6233333333333333,0.27354553641729773
colon,SVM,QUBO-SB (K=25),AUC,10,0.8333333333333334,0.19543398999264291
colon,SVM,QUBO-SB (K=50),ACCURACY,10,0.8071428571428572,0.10067171727254973
colon,SVM,QUBO-SB (K=50),PRECISION,10,0.7416666666666667,0.1942459304116343
colon,SVM,QUBO-SB (K=50),RECALL,10,0.7666666666666666,0.2509242175696937
colon,SVM,QUBO-SB (K=50),F1,10,0.7257142857142856,0.15684917241534038
colon,SVM,QUBO-SB (K=50),AUC,10,0.8916666666666666,0.1714588818001218
colon,SVM,QUBO-SB (K=100),ACCURACY,10,0.7714285714285714,0.1634997686580075
colon,SVM,QUBO-SB (K=100),PRECISION,10,0.6666666666666667,0.41573970964154905
colon,SVM,QUBO-SB (K=100),RECALL,10,0.5833333333333333,0.3706017795590648
colon,SVM,QUBO-SB (K=100),F1,10,0.5933333333333334,0.3477618029699902
colon,SVM,QUBO-SB (K=100),AUC,10,0.875,0.13176156917368248
colon,SVM,RFECV (K=1600),ACCURACY,2,0.9166666666666667,0.11785113019775789
colon,SVM,RFECV (K=1600),PRECISION,2,0.8333333333333333,0.23570226039551587
colon,SVM,RFECV (K=1600),RECALL,2,1.0,0.0
colon,SVM,RFECV (K=1600),F1,2,0.9,0.14142135623730948
colon,SVM,RFECV (K=1600),AUC,2,1.0,0.0
colon,SVM,RFECV (K=1800),ACCURACY,1,0.7142857142857143,0.0
colon,SVM,RFECV (K=1800),PRECISION,1,1.0,0.0
colon,SVM,RFECV (K=1800),RECALL,1,0.3333333333333333,0.0
colon,SVM,RFECV (K=1800),F1,1,0.5,0.0
colon,SVM,RFECV (K=1800),AUC,1,0.9166666666666666,0.0
colon,SVM,RFECV (K=400),ACCURACY,1,0.8333333333333334,0.0
colon,SVM,RFECV (K=400),PRECISION,1,0.6666666666666666,0.0
colon,SVM,RFECV (K=400),RECALL,1,1.0,0.0
colon,SVM,RFECV (K=400),F1,1,0.8,0.0
colon,SVM,RFECV (K=400),AUC,1,1.0,0.0
colon,SVM,RFECV (K=600),ACCURACY,1,1.0,0.0
colon,SVM,RFECV (K=600),PRECISION,1,1.0,0.0
colon,SVM,RFECV (K=600),RECALL,1,1.0,0.0
colon,SVM,RFECV (K=600),F1,1,1.0,0.0
colon,SVM,RFECV (K=600),AUC,1,1.0,0.0
colon,SVM,RFECV (K=800),ACCURACY,1,0.8333333333333334,0.0
colon,SVM,RFECV (K=800),PRECISION,1,0.6666666666666666,0.0
colon,SVM,RFECV (K=800),RECALL,1,1.0,0.0
colon,SVM,RFECV (K=800),F1,1,0.8,0.0
colon,SVM,RFECV (K=800),AUC,1,1.0,0.0
colon,SVM,RFECV (K=2000),ACCURACY,2,0.75,0.11785113019775798
colon,SVM,RFECV (K=2000),PRECISION,2,0.5833333333333333,0.11785113019775789
colon,SVM,RFECV (K=2000),RECALL,2,0.75,0.3535533905932738
colon,SVM,RFECV (K=2000),F1,2,0.65,0.21213203435596428
colon,SVM,RFECV (K=2000),AUC,2,0.6875,0.08838834764831845
colon,SVM,RFECV (K=1000),ACCURACY,2,0.75,0.11785113019775798
colon,SVM,RFECV (K=1000),PRECISION,2,0.5,0.7071067811865476
colon,SVM,RFECV (K=1000),RECALL,2,0.25,0.3535533905932738
colon,SVM,RFECV (K=1000),F1,2,0.3333333333333333,0.4714045207910317
colon,SVM,RFECV (K=1000),AUC,2,1.0,0.0
colon,XGBOOST,ANOVA (K=5),ACCURACY,10,0.8047619047619048,0.16865779630653327
colon,XGBOOST,ANOVA (K=5),PRECISION,10,0.65,0.38849186082326864
colon,XGBOOST,ANOVA (K=5),RECALL,10,0.6833333333333333,0.4335469558917038
colon,XGBOOST,ANOVA (K=5),F1,10,0.6399999999999999,0.38355066303046736
colon,XGBOOST,ANOVA (K=5),AUC,10,0.875,0.16666666666666666
colon,XGBOOST,ANOVA (K=10),ACCURACY,10,0.7714285714285714,0.11994371737976231
colon,XGBOOST,ANOVA (K=10),PRECISION,10,0.65,0.38849186082326864
colon,XGBOOST,ANOVA (K=10),RECALL,10,0.5833333333333333,0.3706017795590648
colon,XGBOOST,ANOVA (K=10),F1,10,0.5833333333333334,0.3225094505266665
colon,XGBOOST,ANOVA (K=10),AUC,10,0.8229166666666666,0.12926743381240474
colon,XGBOOST,ANOVA (K=15),ACCURACY,10,0.8047619047619048,0.10753895038701158
colon,XGBOOST,ANOVA (K=15),PRECISION,10,0.7,0.3220305943597653
colon,XGBOOST,ANOVA (K=15),RECALL,10,0.6833333333333333,0.32820123306093174
colon,XGBOOST,ANOVA (K=15),F1,10,0.6666666666666667,0.27888667551135854
colon,XGBOOST,ANOVA (K=15),AUC,10,0.8479166666666667,0.12424540754609924
colon,XGBOOST,ANOVA (K=20),ACCURACY,10,0.7880952380952382,0.11525711505116229
colon,XGBOOST,ANOVA (K=20),PRECISION,10,0.6833333333333333,0.32820123306093174
colon,XGBOOST,ANOVA (K=20),RECALL,10,0.6833333333333333,0.32820123306093174
colon,XGBOOST,ANOVA (K=20),F1,10,0.6533333333333333,0.27496352171079885
colon,XGBOOST,ANOVA (K=20),AUC,10,0.8604166666666666,0.11949691999749988
colon,XGBOOST,ANOVA (K=25),ACCURACY,10,0.8214285714285714,0.1240991727866023
colon,XGBOOST,ANOVA (K=25),PRECISION,10,0.7333333333333333,0.33518006953329677
colon,XGBOOST,ANOVA (K=25),RECALL,10,0.7333333333333333,0.33518006953329677
colon,XGBOOST,ANOVA (K=25),F1,10,0.7033333333333334,0.289081132616032
colon,XGBOOST,ANOVA (K=25),AUC,10,0.8791666666666667,0.11858541225631423
colon,XGBOOST,ANOVA (K=50),ACCURACY,10,0.8047619047619048,0.1331820759581145
colon,XGBOOST,ANOVA (K=50),PRECISION,10,0.7166666666666666,0.3429177636002437
colon,XGBOOST,ANOVA (K=50),RECALL,10,0.6833333333333333,0.32820123306093174
colon,XGBOOST,ANOVA (K=50),F1,10,0.6733333333333333,0.2934679825638965
colon,XGBOOST,ANOVA (K=50),AUC,10,0.8916666666666666,0.12453617650811052
colon,XGBOOST,ANOVA (K=100),ACCURACY,10,0.8214285714285714,0.09606125743579529
colon,XGBOOST,ANOVA (K=100),PRECISION,10,0.75,0.3263150034575203
colon,XGBOOST,ANOVA (K=100),RECALL,10,0.6833333333333333,0.32820123306093174
colon,XGBOOST,ANOVA (K=100),F1,10,0.6833333333333333,0.2727319490807462
colon,XGBOOST,ANOVA (K=100),AUC,10,0.9125,0.11858541225631422
colon,XGBOOST,Lasso (K=55),ACCURACY,1,0.8571428571428571,0.0
colon,XGBOOST,Lasso (K=55),PRECISION,1,1.0,0.0
colon,XGBOOST,Lasso (K=55),RECALL,1,0.6666666666666666,0.0
colon,XGBOOST,Lasso (K=55),F1,1,0.8,0.0
colon,XGBOOST,Lasso (K=55),AUC,1,1.0,0.0
colon,XGBOOST,Lasso (K=651),ACCURACY,1,1.0,0.0
colon,XGBOOST,Lasso (K=651),PRECISION,1,1.0,0.0
colon,XGBOOST,Lasso (K=651),RECALL,1,1.0,0.0
colon,XGBOOST,Lasso (K=651),F1,1,1.0,0.0
colon,XGBOOST,Lasso (K=651),AUC,1,1.0,0.0
colon,XGBOOST,Lasso (K=57),ACCURACY,1,0.8333333333333334,0.0
colon,XGBOOST,Lasso (K=57),PRECISION,1,0.6666666666666666,0.0
colon,XGBOOST,Lasso (K=57),RECALL,1,1.0,0.0
colon,XGBOOST,Lasso (K=57),F1,1,0.8,0.0
colon,XGBOOST,Lasso (K=57),AUC,1,1.0,0.0
colon,XGBOOST,Lasso (K=47),ACCURACY,1,1.0,0.0
colon,XGBOOST,Lasso (K=47),PRECISION,1,1.0,0.0
colon,XGBOOST,Lasso (K=47),RECALL,1,1.0,0.0
colon,XGBOOST,Lasso (K=47),F1,1,1.0,0.0
colon,XGBOOST,Lasso (K=47),AUC,1,1.0,0.0
colon,XGBOOST,Lasso (K=51),ACCURACY,1,0.8333333333333334,0.0
colon,XGBOOST,Lasso (K=51),PRECISION,1,0.6666666666666666,0.0
colon,XGBOOST,Lasso (K=51),RECALL,1,1.0,0.0
colon,XGBOOST,Lasso (K=51),F1,1,0.8,0.0
colon,XGBOOST,Lasso (K=51),AUC,1,1.0,0.0
colon,XGBOOST,Lasso (K=46),ACCURACY,1,0.6666666666666666,0.0
colon,XGBOOST,Lasso (K=46),PRECISION,1,0.5,0.0
colon,XGBOOST,Lasso (K=46),RECALL,1,0.5,0.0
colon,XGBOOST,Lasso (K=46),F1,1,0.5,0.0
colon,XGBOOST,Lasso (K=46),AUC,1,0.625,0.0
colon,XGBOOST,Lasso (K=53),ACCURACY,1,1.0,0.0
colon,XGBOOST,Lasso (K=53),PRECISION,1,1.0,0.0
colon,XGBOOST,Lasso (K=53),RECALL,1,1.0,0.0
colon,XGBOOST,Lasso (K=53),F1,1,1.0,0.0
colon,XGBOOST,Lasso (K=53),AUC,1,1.0,0.0
colon,XGBOOST,Lasso (K=1760),ACCURACY,1,0.6666666666666666,0.0
colon,XGBOOST,Lasso (K=1760),PRECISION,1,0.0,0.0
colon,XGBOOST,Lasso (K=1760),RECALL,1,0.0,0.0
colon,XGBOOST,Lasso (K=1760),F1,1,0.0,0.0
colon,XGBOOST,Lasso (K=1760),AUC,1,0.875,0.0
colon,XGBOOST,Lasso (K=48),ACCURACY,1,0.8333333333333334,0.0
colon,XGBOOST,Lasso (K=48),PRECISION,1,0.6666666666666666,0.0
colon,XGBOOST,Lasso (K=48),RECALL,1,1.0,0.0
colon,XGBOOST,Lasso (K=48),F1,1,0.8,0.0
colon,XGBOOST,Lasso (K=48),AUC,1,0.75,0.0
colon,XGBOOST,Lasso (K=1934),ACCURACY,1,0.6666666666666666,0.0
colon,XGBOOST,Lasso (K=1934),PRECISION,1,0.5,0.0
colon,XGBOOST,Lasso (K=1934),RECALL,1,0.5,0.0
colon,XGBOOST,Lasso (K=1934),F1,1,0.5,0.0
colon,XGBOOST,Lasso (K=1934),AUC,1,0.875,0.0
colon,XGBOOST,None,ACCURACY,10,0.819047619047619,0.14642803372379445
colon,XGBOOST,None,PRECISION,10,0.6833333333333333,0.32820123306093174
colon,XGBOOST,None,RECALL,10,0.7666666666666666,0.34426518632954817
colon,XGBOOST,None,F1,10,0.7066666666666667,0.3110317359060659
colon,XGBOOST,None,AUC,10,0.875,0.13176156917368248
colon,XGBOOST,QUBO-SA (K=5),ACCURACY,10,0.6595238095238095,0.12601315284064002
colon,XGBOOST,QUBO-SA (K=5),PRECISION,10,0.4833333333333333,0.4743416490252569
colon,XGBOOST,QUBO-SA (K=5),RECALL,10,0.26666666666666666,0.2383067843280802
colon,XGBOOST,QUBO-SA (K=5),F1,10,0.3233333333333333,0.2893372588912739
colon,XGBOOST,QUBO-SA (K=5),AUC,10,0.5416666666666666,0.3191423692521127
colon,XGBOOST,QUBO-SA (K=10),ACCURACY,10,0.7619047619047619,0.18544954675472894
colon,XGBOOST,QUBO-SA (K=10),PRECISION,10,0.7166666666666667,0.314760343871451
colon,XGBOOST,QUBO-SA (K=10),RECALL,10,0.65,0.3464992473225039
colon,XGBOOST,QUBO-SA (K=10),F1,10,0.6466666666666667,0.27406406388125953
colon,XGBOOST,QUBO-SA (K=10),AUC,10,0.8104166666666666,0.2018553028077413
colon,XGBOOST,QUBO-SA (K=15),ACCURACY,10,0.7428571428571428,0.1525792360723545
colon,XGBOOST,QUBO-SA (K=15),PRECISION,10,0.7,0.2698879511442471
colon,XGBOOST,QUBO-SA (K=15),RECALL,10,0.65,0.2539806544591658
colon,XGBOOST,QUBO-SA (K=15),F1,10,0.6400000000000001,0.19360134679666224
colon,XGBOOST,QUBO-SA (K=15),AUC,10,0.8166666666666667,0.21889875894272828
colon,XGBOOST,QUBO-SA (K=20),ACCURACY,10,0.7571428571428572,0.17951251139837374
colon,XGBOOST,QUBO-SA (K=20),PRECISION,10,0.6333333333333334,0.4288946459026396
colon,XGBOOST,QUBO-SA (K=20),RECALL,10,0.55,0.37720544881706564
colon,XGBOOST,QUBO-SA (K=20),F1,10,0.5566666666666666,0.3644884797244652
colon,XGBOOST,QUBO-SA (K=20),AUC,10,0.8541666666666666,0.13065894251546376
colon,XGBOOST,QUBO-SA (K=25),ACCURACY,10,0.8023809523809524,0.1323518296160695
colon,XGBOOST,QUBO-SA (K=25),PRECISION,10,0.6666666666666667,0.408248290463863
colon,XGBOOST,QUBO-SA (K=25),RECALL,10,0.5666666666666667,0.37018513886572624
colon,XGBOOST,QUBO-SA (K=25),F1,10,0.5933333333333333,0.3572183341761799
colon,XGBOOST,QUBO-SA (K=25),AUC,10,0.8625,0.2079162491645775
colon,XGBOOST,QUBO-SA (K=50),ACCURACY,10,0.7428571428571428,0.1716195291527049
colon,XGBOOST,QUBO-SA (K=50),PRECISION,10,0.6166666666666667,0.4010018318359686
colon,XGBOOST,QUBO-SA (K=50),RECALL,10,0.5666666666666667,0.3701851388657263
colon,XGBOOST,QUBO-SA (K=50),F1,10,0.5633333333333334,0.3408232589292587
colon,XGBOOST,QUBO-SA (K=50),AUC,10,0.85,0.19364916731037085
colon,XGBOOST,QUBO-SA (K=100),ACCURACY,10,0.8214285714285714,0.14687901208985515
colon,XGBOOST,QUBO-SA (K=100),PRECISION,10,0.6666666666666667,0.408248290463863
colon,XGBOOST,QUBO-SA (K=100),RECALL,10,0.6833333333333333,0.4040688121326262
colon,XGBOOST,QUBO-SA (K=100),F1,10,0.6566666666666666,0.3803994002409884
colon,XGBOOST,QUBO-SA (K=100),AUC,10,0.9791666666666666,0.04500514373894348
colon,XGBOOST,QUBO-SB (K=5),ACCURACY,10,0.7714285714285715,0.15841238031586857
colon,XGBOOST,QUBO-SB (K=5),PRECISION,10,0.5833333333333333,0.43920523057894156
colon,XGBOOST,QUBO-SB (K=5),RECALL,10,0.5333333333333333,0.44305337860837524
colon,XGBOOST,QUBO-SB (K=5),F1,10,0.5266666666666666,0.4014787481115099
colon,XGBOOST,QUBO-SB (K=5),AUC,10,0.85,0.16457014715109583
colon,XGBOOST,QUBO-SB (K=10),ACCURACY,10,0.7047619047619048,0.24900912223837085
colon,XGBOOST,QUBO-SB (K=10),PRECISION,10,0.5333333333333333,0.44305337860837524
colon,XGBOOST,QUBO-SB (K=10),RECALL,10,0.5333333333333333,0.4142522640512722
colon,XGBOOST,QUBO-SB (K=10),F1,10,0.5166666666666667,0.40345728123034014
colon,XGBOOST,QUBO-SB (K=10),AUC,10,0.75,0.2946278254943948
colon,XGBOOST,QUBO-SB (K=15),ACCURACY,10,0.8047619047619048,0.1268848818521355
colon,XGBOOST,QUBO-SB (K=15),PRECISION,10,0.6166666666666667,0.3689323936863109
colon,XGBOOST,QUBO-SB (K=15),RECALL,10,0.6666666666666666,0.408248290463863
colon,XGBOOST,QUBO-SB (K=15),F1,10,0.6233333333333333,0.36108546917507317
colon,XGBOOST,QUBO-SB (K=15),AUC,10,0.7854166666666667,0.2050787450387452
colon,XGBOOST,QUBO-SB (K=20),ACCURACY,10,0.7761904761904762,0.12807074764409088
colon,XGBOOST,QUBO-SB (K=20),PRECISION,10,0.7083333333333333,0.21960261528947078
colon,XGBOOST,QUBO-SB (K=20),RECALL,10,0.6833333333333333,0.27722166555277
colon,XGBOOST,QUBO-SB (K=20),F1,10,0.6690476190476191,0.193601997495156
colon,XGBOOST,QUBO-SB (K=20),AUC,10,0.7666666666666667,0.20990150541458402
colon,XGBOOST,QUBO-SB (K=25),ACCURACY,10,0.7285714285714286,0.15681382901877422
colon,XGBOOST,QUBO-SB (K=25),PRECISION,10,0.5916666666666666,0.2898754521821014
colon,XGBOOST,QUBO-SB (K=25),RECALL,10,0.65,0.3374742788552764
colon,XGBOOST,QUBO-SB (K=25),F1,10,0.599047619047619,0.27386173875266495
colon,XGBOOST,QUBO-SB (K=25),AUC,10,0.7,0.18819316317727025
colon,XGBOOST,QUBO-SB (K=50),ACCURACY,10,0.7547619047619046,0.1649763109345221
colon,XGBOOST,QUBO-SB (K=50),PRECISION,10,0.5833333333333334,0.37883838047182933
colon,XGBOOST,QUBO-SB (K=50),RECALL,10,0.6333333333333333,0.39126259692575577
colon,XGBOOST,QUBO-SB (K=50),F1,10,0.5900000000000001,0.35418137224371987
colon,XGBOOST,QUBO-SB (K=50),AUC,10,0.81875,0.17787811838447135
colon,XGBOOST,QUBO-SB (K=100),ACCURACY,10,0.8095238095238095,0.11501092655705905
colon,XGBOOST,QUBO-SB (K=100),PRECISION,10,0.8666666666666666,0.21942686286812776
colon,XGBOOST,QUBO-SB (K=100),RECALL,10,0.6,0.22498285257018433
colon,XGBOOST,QUBO-SB (K=100),F1,10,0.6833333333333333,0.16424161665660536
colon,XGBOOST,QUBO-SB (K=100),AUC,10,0.875,0.11785113019775792
colon,XGBOOST,RFECV (K=1600),ACCURACY,2,1.0,0.0
colon,XGBOOST,RFECV (K=1600),PRECISION,2,1.0,0.0
colon,XGBOOST,RFECV (K=1600),RECALL,2,1.0,0.0
colon,XGBOOST,RFECV (K=1600),F1,2,1.0,0.0
colon,XGBOOST,RFECV (K=1600),AUC,2,1.0,0.0
colon,XGBOOST,RFECV (K=1800),ACCURACY,1,1.0,0.0
colon,XGBOOST,RFECV (K=1800),PRECISION,1,1.0,0.0
colon,XGBOOST,RFECV (K=1800),RECALL,1,1.0,0.0
colon,XGBOOST,RFECV (K=1800),F1,1,1.0,0.0
colon,XGBOOST,RFECV (K=1800),AUC,1,1.0,0.0
colon,XGBOOST,RFECV (K=400),ACCURACY,1,0.8333333333333334,0.0
colon,XGBOOST,RFECV (K=400),PRECISION,1,0.6666666666666666,0.0
colon,XGBOOST,RFECV (K=400),RECALL,1,1.0,0.0
colon,XGBOOST,RFECV (K=400),F1,1,0.8,0.0
colon,XGBOOST,RFECV (K=400),AUC,1,0.75,0.0
colon,XGBOOST,RFECV (K=600),ACCURACY,1,0.8333333333333334,0.0
colon,XGBOOST,RFECV (K=600),PRECISION,1,1.0,0.0
colon,XGBOOST,RFECV (K=600),RECALL,1,0.5,0.0
colon,XGBOOST,RFECV (K=600),F1,1,0.6666666666666666,0.0
colon,XGBOOST,RFECV (K=600),AUC,1,1.0,0.0
colon,XGBOOST,RFECV (K=800),ACCURACY,1,0.8333333333333334,0.0
colon,XGBOOST,RFECV (K=800),PRECISION,1,0.6666666666666666,0.0
colon,XGBOOST,RFECV (K=800),RECALL,1,1.0,0.0
colon,XGBOOST,RFECV (K=800),F1,1,0.8,0.0
colon,XGBOOST,RFECV (K=800),AUC,1,1.0,0.0
colon,XGBOOST,RFECV (K=2000),ACCURACY,2,0.75,0.11785113019775798
colon,XGBOOST,RFECV (K=2000),PRECISION,2,0.5833333333333333,0.11785113019775789
colon,XGBOOST,RFECV (K=2000),RECALL,2,0.75,0.3535533905932738
colon,XGBOOST,RFECV (K=2000),F1,2,0.65,0.21213203435596428
colon,XGBOOST,RFECV (K=2000),AUC,2,0.6875,0.08838834764831845
colon,XGBOOST,RFECV (K=1000),ACCURACY,2,0.6666666666666666,0.0
colon,XGBOOST,RFECV (K=1000),PRECISION,2,0.25,0.3535533905932738
colon,XGBOOST,RFECV (K=1000),RECALL,2,0.25,0.3535533905932738
colon,XGBOOST,RFECV (K=1000),F1,2,0.25,0.3535533905932738
colon,XGBOOST,RFECV (K=1000),AUC,2,0.8125,0.08838834764831845
